variable,etiqueta,factor,que,k,n,prueba_del_arbol,alternativa_del_arbol,prueba,motivo,simbolo,estadistico,gl,gl2,p,significativa,medida,efecto,calificacion,p_alternativa,significativa_alternativa,cambia_la_conclusion
edad,Edad (años),grupo,numérica,2,149,Prueba t de Welch para dos muestras,Mann-Whitney,Prueba t de Welch para dos muestras,hay dos grupos y los dos pasan Shapiro-Wilk,t,-0.857439,146.464270,,0.392603,No,d de Hedges,-0.139818,insignificante,0.498930,No,No
ingreso,Ingreso mensual del hogar,grupo,numérica,2,148,Prueba t de Welch para dos muestras,Mann-Whitney,Mann-Whitney,hay dos grupos y alguno no pasa Shapiro-Wilk,U,2497.000000,,,0.355364,No,r de rangos,0.075972,insignificante,0.279539,No,No
puntaje,Puntaje de satisfacción,grupo,numérica,2,149,Prueba t de Welch para dos muestras,Mann-Whitney,Mann-Whitney,hay dos grupos y alguno no pasa Shapiro-Wilk,U,1778.000000,,,0.000122,Sí,r de rangos,0.314766,medio,0.000082,Sí,No
horas,Horas de estudio por semana,grupo,numérica,2,150,Prueba t de Welch para dos muestras,Mann-Whitney,Prueba t de Welch para dos muestras,hay dos grupos y los dos pasan Shapiro-Wilk,t,-2.523152,147.343547,,0.012692,Sí,d de Hedges,-0.409937,chico,0.008001,Sí,No
gasto,Gasto mensual en materiales,grupo,numérica,2,150,Prueba t de Welch para dos muestras,Mann-Whitney,Mann-Whitney,hay dos grupos y alguno no pasa Shapiro-Wilk,U,1695.000000,,,0.000027,Sí,r de rangos,0.342959,medio,0.624534,No,Sí
sexo,Sexo,grupo,categórica,2,149,"Prueba z para dos proporciones, o chi-cuadrado",Prueba exacta de Fisher,"Prueba z para dos proporciones, o chi-cuadrado",todas las frecuencias esperadas llegan a 5,χ²,4.932751,1.000000,,0.026352,Sí,V de Cramér,0.181950,chico,0.033018,Sí,No
beca,Tiene beca,grupo,categórica,2,150,"Prueba z para dos proporciones, o chi-cuadrado",Prueba exacta de Fisher,Prueba exacta de Fisher,"alguna frecuencia esperada es menor que 5, y la tabla es de 2×2",,,,,1.000000,No,V de Cramér,0.031607,insignificante,0.698679,No,No
edad,Edad (años),nivel,numérica,3,149,ANOVA de un factor,Kruskal-Wallis,ANOVA de un factor,"hay tres o más grupos, todos normales y con varianzas homogéneas",F,0.001985,2.000000,146.000000,0.998017,No,eta²,0.000027,insignificante,0.984431,No,No
ingreso,Ingreso mensual del hogar,nivel,numérica,3,148,ANOVA de un factor,Kruskal-Wallis,Kruskal-Wallis,hay tres o más grupos y alguno no pasa Shapiro-Wilk,H,2.531256,2.000000,,0.282062,No,épsilon²,0.003664,insignificante,0.158836,No,No
puntaje,Puntaje de satisfacción,nivel,numérica,3,149,ANOVA de un factor,Kruskal-Wallis,Kruskal-Wallis,hay tres o más grupos y alguno no pasa Shapiro-Wilk,H,1.949805,2.000000,,0.377229,No,épsilon²,0.000000,insignificante,0.283406,No,No
horas,Horas de estudio por semana,nivel,numérica,3,150,ANOVA de un factor,Kruskal-Wallis,ANOVA de un factor,"hay tres o más grupos, todos normales y con varianzas homogéneas",F,0.054201,2.000000,147.000000,0.947261,No,eta²,0.000737,insignificante,0.874539,No,No
gasto,Gasto mensual en materiales,nivel,numérica,3,150,ANOVA de un factor,Kruskal-Wallis,Kruskal-Wallis,hay tres o más grupos y alguno no pasa Shapiro-Wilk,H,7.025613,2.000000,,0.029813,Sí,épsilon²,0.034188,chico,0.349173,No,Sí
sexo,Sexo,nivel,categórica,3,149,Chi-cuadrado de homogeneidad,,Chi-cuadrado de homogeneidad,todas las frecuencias esperadas llegan a 5,χ²,1.242216,2.000000,,0.537349,No,V de Cramér,0.091307,insignificante,,,No
beca,Tiene beca,nivel,categórica,3,150,Chi-cuadrado de homogeneidad,,Chi-cuadrado de homogeneidad,"alguna esperada es menor que 5, pero la tabla no es de 2×2",χ²,0.521872,2.000000,,0.770330,No,V de Cramér,0.058984,insignificante,,,No
