unidad,simple,completo,promedio,ward,silueta
Buenos Aires,1,1,1,1,0.000000
Catamarca,2,2,2,2,0.058238
Chaco,2,3,2,2,0.283018
Chubut,2,2,2,3,0.599013
Ciudad de Buenos Aires,3,4,3,4,0.000000
Corrientes,2,3,2,2,0.382447
Córdoba,2,2,2,3,0.551034
Entre Ríos,2,2,2,3,0.501662
Formosa,2,3,2,2,0.316679
Jujuy,2,3,2,2,0.396407
La Pampa,2,2,2,3,0.448048
La Rioja,2,2,2,2,-0.183180
Mendoza,2,2,2,2,-0.120255
Misiones,2,2,2,2,-0.049902
Neuquén,2,2,2,3,0.458289
Río Negro,2,2,2,3,0.589547
Salta,2,3,2,2,0.398395
San Juan,2,3,2,2,0.232554
San Luis,2,2,2,2,-0.192947
Santa Cruz,2,2,2,3,0.387421
Santa Fe,2,2,2,3,0.568144
Santiago del Estero,2,3,2,2,0.369207
Tierra del Fuego,4,3,4,2,0.009112
Tucumán,2,3,2,2,0.337402
