unidad,componente_1,componente_2,componente_3
Buenos Aires,-1.638671,2.898428,2.924580
Catamarca,0.574214,-0.420639,0.000154
Chaco,1.928589,-1.127734,0.461430
Chubut,-1.284644,-0.739967,-0.407462
Ciudad de Buenos Aires,-5.284995,0.547976,-0.395830
Corrientes,2.119655,0.806325,-0.136219
Córdoba,-2.044166,0.184588,0.404964
Entre Ríos,-0.992569,-0.427618,0.272050
Formosa,2.637810,-0.941787,0.600565
Jujuy,1.895862,0.158718,-0.060937
La Pampa,-2.852339,-2.065383,0.560809
La Rioja,0.185801,-0.713323,-0.443341
Mendoza,-0.258394,1.041733,0.043365
Misiones,0.886488,-1.905406,0.627220
Neuquén,-0.770943,-0.968294,-0.390797
Río Negro,-1.204217,-0.582975,-0.196817
Salta,3.454584,0.473354,0.074708
San Juan,0.959804,0.997737,-0.332433
San Luis,-0.346167,0.793154,-0.791534
Santa Cruz,-0.871568,-0.742287,-1.075868
Santa Fe,-1.853609,0.017233,0.562329
Santiago del Estero,3.001433,-0.322340,0.814249
Tierra del Fuego,0.178860,1.767062,-2.978597
Tucumán,1.579183,1.271445,-0.136588
