caso,observado,ajustado,residuo,estandarizado,palanca,cook,palanca_alta,residuo_grande
1,5.180000,3.658320,1.521680,1.137221,0.040334,0.013589,No,No
2,2.140000,3.201944,-1.061944,-0.782360,0.012463,0.001931,No,No
3,3.790000,3.231291,0.558709,0.410983,0.009425,0.000402,No,No
4,3.460000,3.487133,-0.027133,-0.020116,0.024860,0.000003,No,No
5,1.000000,2.723142,-1.723142,-1.272874,0.017721,0.007308,No,No
6,3.320000,3.195589,0.124411,0.092592,0.032308,0.000072,No,No
7,3.020000,3.590867,-0.570867,-0.426617,0.040251,0.001908,No,No
8,4.060000,3.155741,0.904259,0.666726,0.014050,0.001584,No,No
9,5.330000,3.199682,2.130318,1.568914,0.011779,0.007335,No,No
10,2.640000,2.754272,-0.114272,-0.084468,0.019033,0.000035,No,No
11,3.500000,3.430256,0.069744,0.052541,0.055537,0.000041,Sí,No
12,2.390000,3.527285,-1.137285,-0.957922,0.244486,0.074236,Sí,No
13,4.860000,3.329367,1.530633,1.130736,0.017838,0.005805,No,No
14,3.870000,2.277184,1.592816,1.201227,0.057579,0.022040,Sí,No
15,1.870000,3.397472,-1.527472,-1.131596,0.023376,0.007662,No,No
16,2.880000,2.864550,0.015450,0.011385,0.012864,0.000000,No,No
17,3.930000,3.763300,0.166700,0.126277,0.065918,0.000281,Sí,No
18,1.000000,2.770186,-1.770186,-1.307358,0.017318,0.007531,No,No
19,2.630000,2.775036,-0.145036,-0.106876,0.012925,0.000037,No,No
20,4.320000,3.217855,1.102145,0.812290,0.013223,0.002210,No,No
21,3.100000,3.672627,-0.572627,-0.426174,0.032314,0.001516,No,No
22,1.950000,3.213979,-1.263979,-0.931737,0.013591,0.002990,No,No
23,1.440000,2.725594,-1.285594,-0.950035,0.018494,0.004252,No,No
24,2.780000,3.261151,-0.481151,-0.357415,0.028640,0.000942,No,No
25,3.190000,3.035297,0.154703,0.113947,0.011994,0.000039,No,No
26,1.370000,3.297520,-1.927520,-1.419394,0.011547,0.005884,No,No
27,1.490000,3.118778,-1.628778,-1.203006,0.017456,0.006428,No,No
28,2.870000,3.582393,-0.712393,-0.530633,0.033918,0.002471,No,No
29,3.300000,2.886694,0.413306,0.304945,0.015389,0.000363,No,No
30,5.200000,3.099774,2.100226,1.544391,0.008754,0.005266,No,No
31,2.730000,2.919393,-0.189393,-0.139467,0.011572,0.000057,No,No
32,7.900000,3.228498,4.671502,3.438584,0.010724,0.032043,No,Sí
33,3.710000,2.906885,0.803115,0.591561,0.012084,0.001070,No,No
34,3.410000,2.926026,0.483974,0.355888,0.008757,0.000280,No,No
35,3.530000,2.982722,0.547278,0.404038,0.016590,0.000688,No,No
36,3.140000,2.920396,0.219604,0.162105,0.016321,0.000109,No,No
37,3.020000,2.894598,0.125402,0.093032,0.026118,0.000058,No,No
38,4.140000,3.139469,1.000531,0.736340,0.010379,0.001422,No,No
39,4.890000,3.278566,1.611434,1.186909,0.012007,0.004280,No,No
40,6.990000,3.748132,3.241868,2.688796,0.220818,0.512214,Sí,Sí
41,3.670000,2.829507,0.840493,0.621932,0.021080,0.002082,No,No
42,4.820000,2.898780,1.921220,1.430406,0.033060,0.017489,No,No
43,4.240000,3.096534,1.143466,0.846974,0.023054,0.004232,No,No
44,4.020000,2.723209,1.296791,0.967723,0.037498,0.009121,No,No
45,3.050000,2.866305,0.183695,0.135578,0.016031,0.000075,No,No
46,3.730000,2.856232,0.873768,0.647004,0.022444,0.002403,No,No
47,5.810000,3.088088,2.721912,1.999669,0.006894,0.006940,No,No
48,1.000000,2.896534,-1.896534,-1.398081,0.013674,0.006775,No,No
49,1.590000,3.094683,-1.504683,-1.116523,0.026539,0.008497,No,No
50,5.610000,3.015137,2.594863,1.916331,0.017231,0.016097,No,No
51,3.140000,2.842427,0.297573,0.219259,0.012726,0.000155,No,No
52,4.940000,3.199338,1.740662,1.280392,0.009381,0.003881,No,No
53,2.560000,2.973750,-0.413750,-0.304459,0.010125,0.000237,No,No
54,1.300000,2.716834,-1.416834,-1.056406,0.035860,0.010377,No,No
55,3.360000,3.228022,0.131978,0.097265,0.013141,0.000031,No,No
56,2.100000,2.885369,-0.785369,-0.577642,0.009184,0.000773,No,No
57,1.000000,3.244160,-2.244160,-1.657457,0.017376,0.012145,No,No
58,1.250000,3.332735,-2.082735,-1.540123,0.019786,0.011970,No,No
59,6.030000,3.330546,2.699454,1.993276,0.016939,0.017115,No,No
60,3.780000,2.964078,0.815922,0.600808,0.011473,0.001047,No,No
61,3.600000,3.689676,-0.089676,-0.067050,0.041232,0.000048,No,No
62,3.400000,2.802269,0.597731,0.440521,0.013171,0.000647,No,No
63,3.670000,3.377183,0.292817,0.216739,0.021677,0.000260,No,No
64,1.980000,3.342351,-1.362351,-1.011565,0.027803,0.007316,No,No
65,3.570000,3.218591,0.351409,0.258884,0.012405,0.000210,No,No
66,2.120000,2.670359,-0.550359,-0.406771,0.018808,0.000793,No,No
67,2.480000,2.992286,-0.512286,-0.377246,0.011583,0.000417,No,No
68,3.870000,3.152049,0.717951,0.527939,0.008745,0.000615,No,No
69,1.000000,3.229925,-2.229925,-1.647834,0.018438,0.012752,No,No
70,4.220000,3.503909,0.716091,0.532795,0.031766,0.002328,No,No
71,2.760000,2.793180,-0.033180,-0.024475,0.014915,0.000002,No,No
72,2.530000,2.975192,-0.445192,-0.330283,0.026167,0.000733,No,No
73,1.740000,3.400611,-1.660611,-1.225623,0.016021,0.006115,No,No
74,3.150000,3.041534,0.108466,0.080320,0.022519,0.000037,No,No
75,1.130000,3.032478,-1.902478,-1.411428,0.026165,0.013381,No,No
76,2.920000,3.595410,-0.675410,-0.503265,0.034605,0.002270,No,No
77,4.050000,2.703658,1.346342,0.994455,0.017565,0.004420,No,No
78,1.980000,3.190704,-1.210704,-0.890031,0.008187,0.001635,No,No
79,1.000000,3.252421,-2.252421,-1.677301,0.033413,0.024313,No,No
80,2.560000,3.268013,-0.708013,-0.521920,0.013633,0.000941,No,No
81,1.000000,3.406817,-2.406817,-1.791666,0.032756,0.027177,No,No
82,4.680000,2.830318,1.849682,1.363170,0.013135,0.006183,No,No
83,1.710000,2.259617,-0.549617,-0.415099,0.060319,0.002765,Sí,No
84,2.770000,2.847264,-0.077264,-0.057177,0.021226,0.000018,No,No
85,1.730000,2.579460,-0.849460,-0.631869,0.031287,0.003224,No,No
86,2.860000,3.230414,-0.370414,-0.273491,0.016777,0.000319,No,No
87,1.750000,3.490852,-1.740852,-1.292204,0.027196,0.011670,No,No
88,4.480000,2.526706,1.953294,1.466939,0.049669,0.028117,No,No
89,3.860000,3.086873,0.773127,0.568287,0.007957,0.000648,No,No
90,1.000000,3.075708,-2.075708,-1.545175,0.032745,0.020207,No,No
91,1.930000,3.272240,-1.342240,-0.987454,0.009647,0.002375,No,No
92,3.330000,3.461468,-0.131468,-0.097544,0.026344,0.000064,No,No
93,4.020000,3.615780,0.404220,0.300229,0.028383,0.000658,No,No
94,3.580000,2.706948,0.873052,0.645672,0.020014,0.002129,No,No
95,1.320000,3.145372,-1.825372,-1.347019,0.015719,0.007244,No,No
96,2.600000,4.427576,-1.827576,-1.910411,0.509475,0.947668,Sí,No
97,5.040000,3.626072,1.413928,1.050820,0.029576,0.008413,No,No
98,2.160000,2.817717,-0.657717,-0.484550,0.012436,0.000739,No,No
99,1.000000,2.893197,-1.893197,-1.397917,0.016912,0.008404,No,No
100,1.920000,3.045686,-1.125686,-0.827703,0.008599,0.001486,No,No
101,4.570000,3.324500,1.245500,0.921142,0.020062,0.004343,No,No
102,2.880000,2.714319,0.165681,0.122281,0.016005,0.000061,No,No
103,4.120000,3.086544,1.033456,0.760330,0.009754,0.001424,No,No
104,2.500000,2.690982,-0.190982,-0.141207,0.019529,0.000099,No,No
105,2.870000,3.095108,-0.225108,-0.165815,0.012139,0.000084,No,No
106,2.880000,3.004575,-0.124575,-0.091681,0.010390,0.000022,No,No
107,5.280000,3.342261,1.937739,1.427627,0.012527,0.006464,No,No
108,2.260000,2.862817,-0.602817,-0.443999,0.011967,0.000597,No,No
109,4.990000,3.293443,1.696557,1.249408,0.011692,0.004617,No,No
110,6.500000,3.295147,3.204853,2.381107,0.028993,0.042323,No,Sí
111,1.690000,3.222536,-1.532536,-1.129993,0.014098,0.004565,No,No
112,2.960000,2.940767,0.019233,0.014154,0.010345,0.000001,No,No
113,4.630000,2.795057,1.834943,1.352942,0.014061,0.006526,No,No
114,1.000000,2.784490,-1.784490,-1.315510,0.013712,0.006015,No,No
115,1.800000,2.744245,-0.944245,-0.702274,0.031010,0.003946,No,No
116,1.000000,2.810982,-1.810982,-1.333430,0.011329,0.005094,No,No
117,6.330000,3.364242,2.965758,2.185487,0.012951,0.015667,No,Sí
118,1.450000,2.389892,-0.939892,-0.706877,0.052384,0.006905,No,No
119,2.480000,2.859854,-0.379854,-0.279806,0.012163,0.000241,No,No
120,3.580000,2.650709,0.929291,0.687814,0.021582,0.002609,No,No
121,1.000000,2.841611,-1.841611,-1.358000,0.014265,0.006672,No,No
122,2.540000,2.986214,-0.446214,-0.328950,0.013746,0.000377,No,No
123,3.520000,3.109150,0.410850,0.306103,0.034405,0.000835,No,No
124,2.570000,2.598051,-0.028051,-0.020872,0.031904,0.000004,No,No
125,3.480000,2.798301,0.681699,0.502366,0.013021,0.000832,No,No
126,2.870000,2.702313,0.167687,0.123758,0.015950,0.000062,No,No
127,2.460000,2.925800,-0.465800,-0.343060,0.011852,0.000353,No,No
128,3.260000,3.067151,0.192849,0.142495,0.018256,0.000094,No,No
129,4.770000,3.598684,1.171316,0.873646,0.036524,0.007234,No,No
130,2.920000,3.018723,-0.098723,-0.073156,0.023866,0.000033,No,No
131,1.530000,3.102875,-1.572875,-1.159939,0.014443,0.004929,No,No
132,1.960000,2.724215,-0.764215,-0.566191,0.023506,0.001929,No,No
133,3.770000,3.215528,0.554472,0.407676,0.008496,0.000356,No,No
134,4.550000,3.148280,1.401720,1.045520,0.036566,0.010372,No,No
135,4.370000,3.202234,1.167766,0.863803,0.020407,0.003886,No,No
136,3.140000,2.806199,0.333801,0.245864,0.012023,0.000184,No,No
137,2.520000,3.338299,-0.818299,-0.604577,0.018058,0.001680,No,No
138,2.170000,2.947691,-0.777691,-0.571816,0.008563,0.000706,No,No
139,2.170000,3.236734,-1.066734,-0.787706,0.017013,0.002685,No,No
140,1.000000,3.072691,-2.072691,-1.531105,0.017748,0.010590,No,No
141,1.430000,3.270901,-1.840901,-1.356515,0.012868,0.005997,No,No
142,1.960000,2.582235,-0.622235,-0.462734,0.030806,0.001701,No,No
143,3.080000,2.904088,0.175912,0.129433,0.009935,0.000042,No,No
144,4.450000,2.513789,1.936211,1.441276,0.032669,0.017539,No,No
145,4.020000,3.031346,0.988654,0.729999,0.016878,0.002287,No,No
146,3.800000,2.835611,0.964389,0.712502,0.018033,0.002331,No,No
147,1.000000,2.785780,-1.785780,-1.320805,0.020189,0.008986,No,No
148,4.480000,3.257727,1.222273,0.909538,0.032036,0.006845,No,No
149,3.190000,3.616193,-0.426193,-0.319464,0.046032,0.001231,No,No
