id;fecha;grupo;edad;ingreso;puntaje;comentario;observaciones
c001;16/04/2026;Control;35;529.991,44;7;;
c002;17/04/2026;Tratamiento;31;646.368,01;7;;ok
c003;02/06/2026;Control;37;414.596,90;5;;ok
c004;2026-03-14;Tratamiento;24;455.103,92;7;;ok
c005;13/09/2026;Control;30;637.894,34;8;;ok
c006;20/03/2026;Tratamiento;58;252.830,14;10;;
c007;11/01/2026;tratamiento;38;70.556,65;6;;ok
c008;22/03/2026;Tratamiento;56;480.595,81;6;;ok
c009;14/04/2026;Control;999;250.670,87;8;  sin comentarios ;ok
c010;22/04/2026;Tratamiento;28;428.794,78;10;;ok
c011;27/09/2026;Control;31;310.262,29;10;;
c012;11/01/2026;Tratamiento;52;414.148,87;5;;ok
c013;01/08/2026;Control;27;344.756,24;99;;ok
c014;28/07/2026;CONTROL;37;642.696,77;8;;ok
c015;02/09/2026;Control;58;371.266,42;9;;ok
c016;17/01/2026;Tratamiento;50;610.316,58;5;;
c017;13/01/2026;Control;49;506.730,35;9;;ok
c018;19/05/2026;Tratamiento;44;416.798,53;8;  sin comentarios ;ok
c019;12/02/2026;Control;55;368.520,48;7;;ok
c020;13/06/2026;Tratamiento;7;646.434,37;8;;ok
c021;14/01/2026;Tratamiento;47;360.274,51;8;;
c022;12/05/2026;Tratamiento;38;189.700,29;6;;ok
c023;20/02/2026;Control;18;318.555,01;5;;ok
c024;17/05/2026;Tratamiento;32;265.729,31;6;;ok
c025;18/04/2026;Control;45;717.148,42;10;;ok
c026;10/07/2026;Tratamiento;53;49.127,26;7;;
c027;03/04/2026;Control;46;464.273,14;11;  sin comentarios ;ok
c028;01/05/2026;Control;54;490.471,12;6;;ok
c029;11/02/2026;Control;44;583.190,26;5;;ok
c030;27/07/2026;Tratamiento;34;437.557,20;9;;ok
c031;05/02/2026;Control;29;385.345,21;5;;
c032;18/02/2026;Tratamiento;25;420.724,42;8;;ok
c033;09/06/2026;Control;19;456.183,51;8;;ok
c034;27/09/2026;Testigo;42;353.623,27;6;;ok
c035;21/08/2026;tratamiento;30;0,00;7;;ok
c036;10/07/2026;Tratamiento;56;753.241,95;9;  sin comentarios ;
c037;18/05/2026;Control;46;492.797,56;4;;ok
c038;02/02/2026;Tratamiento;55;708.322,34;8;;ok
c039;25/05/2026;Control;56;517.986,72;5;;ok
c040;19/01/2026;Tratamiento;55;220.403,48;4;;ok
c041;20/05/2026;Control;27;252.091,60;6;;
c042;12/03/2026;CONTROL;49;no contesta;9;;ok
c043;13/03/2026;Control;56;663.899,78;5;;ok
c044;08/08/2026;Tratamiento;44;397.724,58;6;;ok
c045;07/03/2026;Control;42;545.958,23;7;  sin comentarios ;ok
c046;07/05/2026;Tratamiento;43;595.418,35;6;;
c047;17/09/2026;Control;26;661.327,09;8;;ok
c048;08/09/2026;Tratamiento;38,5;278.296,06;7;;ok
c049;15/08/2026;Tratamiento;35;310.900,83;7;;ok
c050;06/06/2026;Tratamiento;26;434.321,53;8;;ok
c051;27/07/2026;Control;53;541.672,30;10;;
c052;18/07/2026;Tratamiento;33;716.368,80;7;;ok
c053;17/05/2026;Control;37;318.232,66;7;;ok
c054;16/09/2026;Tratamiento;50;472.541,03;8;  sin comentarios ;ok
c055;31/02/2026;Control;60;290.420,97;7;;ok
c056;10/03/2026;Control;47;607.152,60;9;;
c057;08/08/2026;Control;18;703.431,61;9;;ok
c058;10/04/2026;Tratamiento;46;469.553,32;9;;ok
c059;06/02/2026;Control;38;136.225,14;9;;ok
c060;04/09/2026;Tratamiento;25;365.989,47;6;;ok
c060;04/09/2026;Tratamiento;25;365.989,47;6;;
c061;14/05/2026;Control;37;394.990,93;2;;ok
c062;16/06/2026;Tratamiento;43;294.912,43;4;;ok
c063;22/07/2026;tratamiento;61;298.057,49;7;  sin comentarios ;ok
c064;03/09/2026;Tratamiento;47;181.232,36;6;;ok
c065;25/08/2026;Control;64;319.053,06;9;;
c066;17/06/2026;Tratamiento;38;551.040,08;10;;ok
c067;10/05/2026;Control;60;367.465,00;4;;ok
c068;03/08/2026;Tratamiento;56;548.927,02;9;;ok
c069;26/09/2026;Control;25;534.970,47;10;;ok
c070;26/09/2026;CONTROL;18;321.572,27;4;;
c071;20/04/2026;Control;39;642.427,59;6;;ok
c072;22/04/2026;Tratamiento;48;544.702,45;5;  sin comentarios ;ok
c073;23/08/2026;Control;27;230.365,31;5;;ok
c074;25/06/2026;Tratamiento;47;277.510,19;6;;ok
c075;06/03/2026;Control;48;560.386,34;5;;
c076;04/07/2026;Tratamiento;41;583.159,50;5;;ok
c077;26/01/2026;Tratamiento;19;296.531,88;8;;ok
c078;15/02/2026;Tratamiento;39;891.677,98;4;;ok
c079;04/09/2026;Control;34;379.993,07;6;;ok
c080;22/03/2026;Tratamiento;67;429.165,59;8;;
