decil,corte_superior,n,poblacion,ingreso_medio,participacion
1,156000.000000,142,168185.000000,118900.954300,0.016863
2,239000.000000,169,164561.000000,195998.948700,0.027198
3,317000.000000,175,165491.000000,282974.083200,0.039490
4,403000.000000,185,166946.000000,360543.085800,0.050757
5,497000.000000,188,164266.000000,451634.008300,0.062560
6,615000.000000,180,167473.000000,554169.669100,0.078261
7,756000.000000,169,163985.000000,685979.473700,0.094858
8,984000.000000,193,166746.000000,864803.695400,0.121600
9,1418000.000000,185,166540.000000,1185824.349000,0.166533
10,,217,164219.000000,2468822.737000,0.341880
