corte,grupo,n_asalariados,asalariados,sin_descuento,tasa,error_estandar,inferior,superior
Total,Total,1711,1195894.000000,440983.000000,0.368748,0.017108,0.335194,0.402301
Sexo,Varón,1022,699929.000000,260970.000000,0.372852,0.022529,0.328668,0.417036
Sexo,Mujer,689,495965.000000,180013.000000,0.362955,0.029085,0.305911,0.419999
Tramo de edad,14 a 24,170,121748.000000,45208.000000,0.371324,0.054429,0.264574,0.478074
Tramo de edad,25 a 34,496,346280.000000,137594.000000,0.397349,0.032304,0.333994,0.460704
Tramo de edad,35 a 49,602,439337.000000,161050.000000,0.366575,0.029902,0.307931,0.425220
Tramo de edad,50 a 64,374,244978.000000,80226.000000,0.327482,0.039021,0.250953,0.404012
Tramo de edad,65 y más,69,43551.000000,16905.000000,0.388166,0.090514,0.210645,0.565687
Región,Gran Buenos Aires,287,641189.000000,247370.000000,0.385799,0.028768,0.329377,0.442220
Región,Noroeste,347,112218.000000,41269.000000,0.367757,0.032619,0.303783,0.431732
Región,Nordeste,164,56440.000000,21585.000000,0.382442,0.043157,0.297799,0.467084
Región,Cuyo,161,71138.000000,24309.000000,0.341716,0.044982,0.253495,0.429937
Región,Pampeana,542,265546.000000,88491.000000,0.333242,0.024975,0.284260,0.382223
Región,Patagonia,210,49363.000000,17959.000000,0.363815,0.043609,0.278287,0.449343
