corte,grupo,n,poblacion,media,mediana,razon_con_el_total
Sexo,Varón,1051,933325.000000,771239.202900,521000.000000,1.078555
Sexo,Mujer,752,725087.000000,642763.501500,467000.000000,0.898885
Tramo de edad,14 a 24,169,172604.000000,757949.213200,550000.000000,1.059969
Tramo de edad,25 a 34,512,459030.000000,685713.478400,470000.000000,0.958949
Tramo de edad,35 a 49,672,627247.000000,742899.306000,509000.000000,1.038922
Tramo de edad,50 a 64,375,335619.000000,637634.573700,475000.000000,0.891713
Tramo de edad,65 y más,75,63912.000000,943555.592100,481000.000000,1.319534
Región,Gran Buenos Aires,346,899046.000000,637023.101200,461000.000000,0.890857
Región,Noroeste,359,152382.000000,754478.527600,534000.000000,1.055115
Región,Nordeste,166,80576.000000,831963.574800,577000.000000,1.163476
Región,Cuyo,159,92992.000000,860598.073000,481000.000000,1.203520
Región,Pampeana,554,366541.000000,802254.348100,545000.000000,1.121928
Región,Patagonia,219,66875.000000,853385.061700,633000.000000,1.193433
Nivel educativo,Sin instrucción,57,43792.000000,384932.430600,304000.000000,0.538316
Nivel educativo,Primaria incompleta,202,198643.000000,448610.572700,378000.000000,0.627368
Nivel educativo,Primaria completa,221,206208.000000,624801.676000,377000.000000,0.873766
Nivel educativo,Secundaria incompleta,360,344224.000000,589949.663600,467000.000000,0.825027
Nivel educativo,Secundaria completa,418,372272.000000,696955.965000,516000.000000,0.974672
Nivel educativo,Superior incompleta,224,224662.000000,785809.522700,653000.000000,1.098931
Nivel educativo,Superior completa,321,268611.000000,1161506.081000,836000.000000,1.624331
Categoría ocupacional,Patrón,68,62564.000000,1172526.213000,632000.000000,1.639742
Categoría ocupacional,Cuenta propia,465,416869.000000,589753.992300,436000.000000,0.824753
Categoría ocupacional,Obrero o empleado,1270,1178979.000000,735100.626100,531000.000000,1.028016
