clave,valor
periodo,2025T4
registros,5507
hogares,1871
aglomerados,32
columnas_del_archivo,22
poblacion,3754094.000000
tasa_de_actividad,0.486509
tasa_de_empleo,0.450237
tasa_de_desocupacion,0.074555
tasa_de_subocupacion,0.104246
residuo_de_la_identidad,0.000000
ponderador_de_ingreso,PONDIIO
el_archivo_trae_ponderador_de_ingreso,Sí
ingreso_medio,715067.358400
ingreso_mediano,497000.000000
ingreso_medio_con_el_ponderador_general,700544.411400
ingreso_medio_con_los_dos_descuidos,565081.669100
caida_por_los_dos_descuidos,-0.209750
razon_entre_deciles,20.763692
informalidad,0.368748
avisos,5
