corte,grupo,tasa,n_denominador,poblacion_denominador,valor,error_estandar,inferior,superior,sin_ponderar
Sexo,Varón,actividad,2841,1913806.000000,0.548636,0.015092,0.519037,0.578235,0.543119
Sexo,Varón,empleo,2841,1913806.000000,0.505660,0.016099,0.474086,0.537235,0.503344
Sexo,Varón,desocupación,1543,1049983.000000,0.078332,0.011579,0.055622,0.101042,0.073234
Sexo,Varón,subocupación,1543,1049983.000000,0.105569,0.012228,0.081588,0.129551,0.104990
Sexo,Mujer,actividad,2666,1840288.000000,0.421900,0.015930,0.390657,0.453142,0.406977
Sexo,Mujer,empleo,2666,1840288.000000,0.392600,0.015162,0.362863,0.422337,0.373218
Sexo,Mujer,desocupación,1085,776417.000000,0.069447,0.012106,0.045705,0.093190,0.082949
Sexo,Mujer,subocupación,1085,776417.000000,0.102457,0.014105,0.074793,0.130120,0.110599
Tramo de edad,10 a 13,actividad,250,196069.000000,0.002627,0.002625,-0.002521,0.007774,0.004000
Tramo de edad,10 a 13,empleo,250,196069.000000,0.002627,0.002625,-0.002521,0.007774,0.004000
Tramo de edad,10 a 13,desocupación,1,515.000000,0.000000,0.000000,0.000000,0.000000,0.000000
Tramo de edad,10 a 13,subocupación,1,515.000000,0.000000,0.000000,0.000000,0.000000,0.000000
Tramo de edad,14 a 24,actividad,750,526310.000000,0.389835,0.027303,0.336287,0.443383,0.373333
Tramo de edad,14 a 24,empleo,750,526310.000000,0.319559,0.027154,0.266302,0.372816,0.306667
Tramo de edad,14 a 24,desocupación,280,205174.000000,0.180271,0.036977,0.107750,0.252793,0.178571
Tramo de edad,14 a 24,subocupación,280,205174.000000,0.113747,0.030863,0.053216,0.174279,0.082143
Tramo de edad,25 a 34,actividad,1017,673425.000000,0.760083,0.020173,0.720519,0.799647,0.748279
Tramo de edad,25 a 34,empleo,1017,673425.000000,0.702876,0.021600,0.660513,0.745238,0.681416
Tramo de edad,25 a 34,desocupación,761,511859.000000,0.075265,0.013829,0.048142,0.102388,0.089356
Tramo de edad,25 a 34,subocupación,761,511859.000000,0.109544,0.018987,0.072305,0.146783,0.109067
Tramo de edad,35 a 49,actividad,1240,855273.000000,0.804399,0.016079,0.772864,0.835934,0.771774
Tramo de edad,35 a 49,empleo,1240,855273.000000,0.756215,0.018148,0.720621,0.791808,0.728226
Tramo de edad,35 a 49,desocupación,957,687981.000000,0.059901,0.013738,0.032958,0.086844,0.056426
Tramo de edad,35 a 49,subocupación,957,687981.000000,0.105436,0.015271,0.075486,0.135386,0.115987
Tramo de edad,50 a 64,actividad,861,559812.000000,0.628645,0.025513,0.578607,0.678683,0.607433
Tramo de edad,50 a 64,empleo,861,559812.000000,0.605748,0.025612,0.555516,0.655980,0.581882
Tramo de edad,50 a 64,desocupación,523,351923.000000,0.036423,0.011456,0.013955,0.058890,0.042065
Tramo de edad,50 a 64,subocupación,523,351923.000000,0.094208,0.019587,0.055793,0.132623,0.110899
Tramo de edad,65 y más,actividad,805,533212.000000,0.129307,0.020950,0.088219,0.170394,0.131677
Tramo de edad,65 y más,empleo,805,533212.000000,0.116880,0.016901,0.083732,0.150028,0.120497
Tramo de edad,65 y más,desocupación,106,68948.000000,0.096101,0.051922,-0.005731,0.197934,0.084906
Tramo de edad,65 y más,subocupación,106,68948.000000,0.076783,0.038605,0.001067,0.152498,0.066038
Región,Gran Buenos Aires,actividad,888,2025014.000000,0.489504,0.020163,0.449959,0.529050,0.488739
Región,Gran Buenos Aires,empleo,888,2025014.000000,0.454232,0.019855,0.415291,0.493172,0.457207
Región,Gran Buenos Aires,desocupación,434,991253.000000,0.072057,0.015489,0.041679,0.102436,0.064516
Región,Gran Buenos Aires,subocupación,434,991253.000000,0.113675,0.016182,0.081939,0.145412,0.115207
Región,Noroeste,actividad,1186,358594.000000,0.467861,0.016587,0.435329,0.500392,0.454469
Región,Noroeste,empleo,1186,358594.000000,0.431917,0.017710,0.397183,0.466652,0.417369
Región,Noroeste,desocupación,539,167772.000000,0.076824,0.014199,0.048976,0.104673,0.081633
Región,Noroeste,subocupación,539,167772.000000,0.080234,0.012262,0.056185,0.104282,0.089054
Región,Nordeste,actividad,531,185697.000000,0.469803,0.023388,0.423933,0.515673,0.474576
Región,Nordeste,empleo,531,185697.000000,0.434794,0.024169,0.387392,0.482196,0.440678
Región,Nordeste,desocupación,252,87241.000000,0.074518,0.017953,0.039308,0.109727,0.071429
Región,Nordeste,subocupación,252,87241.000000,0.135773,0.024246,0.088220,0.183326,0.138889
Región,Cuyo,actividad,546,235279.000000,0.427590,0.027138,0.374365,0.480816,0.410256
Región,Cuyo,empleo,546,235279.000000,0.396657,0.028235,0.341280,0.452033,0.382784
Región,Cuyo,desocupación,224,100603.000000,0.072344,0.020455,0.032227,0.112461,0.066964
Región,Cuyo,subocupación,224,100603.000000,0.046450,0.013070,0.020817,0.072083,0.075893
Región,Pampeana,actividad,1716,806228.000000,0.503906,0.015770,0.472977,0.534835,0.498834
Región,Pampeana,empleo,1716,806228.000000,0.463115,0.015639,0.432442,0.493788,0.456876
Región,Pampeana,desocupación,856,406263.000000,0.080950,0.011489,0.058417,0.103483,0.084112
Región,Pampeana,subocupación,856,406263.000000,0.091916,0.011599,0.069168,0.114664,0.105140
Región,Patagonia,actividad,640,143282.000000,0.511355,0.028125,0.456194,0.566516,0.504687
Región,Patagonia,empleo,640,143282.000000,0.475168,0.027763,0.420718,0.529617,0.464062
Región,Patagonia,desocupación,323,73268.000000,0.070768,0.016676,0.038062,0.103473,0.080495
Región,Patagonia,subocupación,323,73268.000000,0.141849,0.030539,0.081954,0.201744,0.130031
