id,grupo,edad,ingreso,puntaje
c001,Control,59,253002.74,4
c002,Tratamiento,66,519346.53,7
c003,Control,32,236572.09,9
c004,Tratamiento,51,283758.44,6
c005,Control,55,197043.94,5
c006,Tratamiento,41,578122.34,6
c007,  CONTROL ,58,519994.26,7
c008,Tratamiento,50,801382.20,6
c009,Control,58,506134.17,7
c010,Tratamiento,40,555113.73,8
c011,Control,43,434752.94,6
c012,Tratamiento,60,546848.35,8
c013,Control,28,270174.49,8
c014,Tratamiento,41,496502.27,7
c015,Control,45,301805.24,7
c016,Tratamiento,63,469203.37,8
c017,Control,38,328075.92,5
 c018 ,Tratamiento,38,575604.19,8
c019,Control,34,276198.66,6
c020,Tratamiento,49,533592.36,7
c021,Control,27,271441.29,4
c022,Tratamiento,73,516888.89,7
c023,Control,47,13890.72,7
c024,Tratamiento,55,359561.68,7
c025,Control,76,455087.62,10
c026,Tratamiento,50,257524.57,6
c027,Control,38,436438.67,8
c028,Tratamiento,57,346184.38,7
c029,Control,36,494823.00,7
c030,Tratamiento,21,438380.88,7
c031,Control,44,334823.82,7
c032,Tratamiento,150,529900.44,7
c033,Control,43,212475.65,7
c034,Tratamiento,47,493550.99,6
c035,Control,56,51866.24,8
c036,Tratamiento,18,679717.17,5
c037,Control,51,245628.84,5
c038,Tratamiento,34,565665.01,7
c039,Control,31,341087.40,10
c040,Tratamiento,47,718172.86,6
c041,Control,44,273285.26,7
c042,Tratamiento,58,353092.80,10
c043,Control,35,451334.44,6
c044,Tratamiento,42,448440.13,9
c045,Control,62,,5
c046,Tratamiento,18,535912.92,7
c047,Control,27,378054.84,7
c048,Tratamiento,18,442023.06,6
c049,Control,26,424827.32,5
c050,Tratamiento,43,144271.86,9
c051,Control,30,445413.81,6
c052,Tratamiento,29,84773.83,6
c053,Control,22,377992.21,4
c054,Tratamiento,50,346815.57,9
c055,Control,48,209824.68,7
c056,Tratamiento,30,214089.68,10
c057,Control,55,340940.99,7
c058,Tratamiento,19,371271.86,7
c059,Control,67,689521.52,s/d
c060,Tratamiento,29,467940.74,7
c060,Tratamiento,29,467940.74,7
c061,Control,48,563469.60,4
c062,Tratamiento,37,514108.65,9
c063,Control,43,219882.48,8
c064,Tratamiento,34,366092.24,7
c065,Control,35,684710.56,6
c066,Tratamiento,45,728075.06,7
c067,Control,36,220394.72,6
c068,Tratamiento,50,613474.43,6
c069,Control,35,622540.68,6
c070,Tratamiento,42,652419.48,10
c071,Control,44,484748.15,7
c072,Tratamiento,63,635294.86,5
c073,Control,50,260454.31,3
c074,Tratamiento,50,210910.74,9
c075,Control,32,196403.51,6
c076,Tratamiento,68,435055.99,10
c077,Control,23,292947.69,7
c078,Tratamiento,42,495307.21,9
c079,Control,40,168780.92,8
c080,Tratamiento,53,537496.22,5
c081,Control,23,294318.35,7
c082,Tratamiento,36,409744.31,5
c083,Control,33,458172.04,10
c084,Tratamiento,35,438744.12,10
c085,Control,18,385825.01,8
c086,Tratamiento,71,526574.77,7
c087,Control,47,353323.50,4
c088,Tratamiento,63,693587.19,6
c089,Control,23,325133.16,8
c090,Tratamiento,44,318015.38,4
c091,Control,35,483981.14,6
c092,Tratamiento,52,490242.17,9
c093,Control,39,536619.39,6
c094,Tratamiento,51,520319.99,5
c095,Control,34,485210.19,5
c096,Tratamiento,56,480791.88,4
c097,Control,47,480292.38,6
c098,Tratamiento,55,192808.76,9
c099,Control,58,496507.78,3
c100,Tratamiento,54,458067.01,6
c101,Control,40,295923.72,5
c102,Tratamiento,48,514018.46,4
c103,Control,29,379086.90,6
c104,Tratamiento,36,357335.26,10
c105,Control,58,407359.43,7
c106,Tratamiento,42,401508.75,8
c107,Control,40,472936.28,6
c108,Tratamiento,39,226191.77,5
c109,Control,25,354929.00,6
c110,Tratamiento,39,539137.94,7
c111,Control,51,348871.56,5
c112,Tratamiento,18,395642.56,9
c113,Control,44,214070.67,9
c114,Tratamiento,55,653495.14,10
c115,Control,44,434658.30,9
c116,Tratamiento,27,401879.63,9
c117,Control,45,391943.28,6
c118,Tratamiento,37,377292.01,5
c119,Control,22,406538.09,9
c120,Tratamiento,33,548454.49,6
