grupo,edad,ingreso,puntaje,sexo,nivel,horas,beca,gasto,nota,aprueba
Control,38,610751.41,8,Mujer,Primario,22.4,No,24556.59,5.18,Sí
Tratamiento,32,937698.41,5,Mujer,Superior,14.8,No,44932.25,2.14,Sí
Control,42,313373.23,6,Varón,Superior,15.3,No,34150.36,3.79,Sí
Tratamiento,31,184051.38,10,Varón,Secundario,18.5,No,64322.75,3.46,Sí
Control,33,236223.07,6,Mujer,Superior,7.7,No,36379.20,1.00,No
Tratamiento,20,236028.61,7,Varón,Primario,15.8,No,27508.41,3.32,Sí
Control,30,375959.22,7,Mujer,Secundario,21.5,No,28484.22,3.02,Sí
Tratamiento,,562488.42,9,Mujer,Primario,9.3,No,41185.23,1.52,No
Control,30,74166.22,6,Varón,Secundario,14.5,No,35980.10,4.06,No
Tratamiento,33,1791527.17,7,Mujer,Superior,14.9,No,40430.53,5.33,Sí
Control,30,790415.11,7,Varón,Primario,8.1,No,41356.37,2.64,No
Tratamiento,70,298624.10,8,Mujer,Primario,17.6,No,27690.70,3.50,Sí
Control,55,383374.25,5,Mujer,Secundario,6.3,No,378530.32,2.39,No
Tratamiento,54,639863.10,9,Mujer,Superior,15.0,No,70388.37,4.86,Sí
Control,42,494230.49,3,Varón,Primario,0.3,No,41409.21,3.87,No
Tratamiento,55,705952.92,3,Varón,Secundario,17.3,No,36590.16,1.87,Sí
Control,32,368810.31,5,Mujer,Superior,10.2,No,28977.51,2.88,No
Tratamiento,66,524278.43,9,Varón,Secundario,22.1,No,48327.41,3.93,Sí
Control,49,225456.02,7,Mujer,Primario,8.1,No,29683.02,1.00,Sí
Tratamiento,38,372382.39,5,Mujer,Superior,8.6,No,29000.07,2.63,No
Control,48,356681.49,7,Mujer,Superior,15.5,No,17713.13,4.32,Sí
Tratamiento,42,346577.71,8,Mujer,Secundario,21.2,No,58101.07,3.10,Sí
Control,34,1337040.76,6,Varón,Primario,15.8,No,21611.40,1.95,Sí
Tratamiento,48,,5,Mujer,Superior,7.6,No,25689.73,1.44,No
Control,22,248557.38,5,Mujer,Superior,16.0,No,46946.28,2.78,Sí
Tratamiento,51,843752.90,7,Mujer,Secundario,12.0,No,32803.46,3.19,No
Control,40,316734.32,4,Varón,Secundario,16.3,No,36639.39,1.37,No
Tratamiento,27,715136.13,6,Mujer,Secundario,14.2,No,31731.80,1.49,No
Control,37,363445.48,6,Mujer,Superior,21.3,No,23624.62,2.87,Sí
Tratamiento,29,399618.59,8,Mujer,Secundario,10.9,No,22419.12,3.30,No
Control,47,301625.41,5,Mujer,Primario,13.1,No,33860.02,5.20,No
Tratamiento,47,846294.60,8,Mujer,Superior,9.6,No,52696.70,2.73,Sí
Control,47,427287.05,9,Mujer,Superior,15.1,Sí,33505.05,7.90,Sí
Tratamiento,32,326938.56,7,Mujer,Secundario,11.0,No,25120.43,3.71,No
Control,37,1807461.66,7,Mujer,Superior,10.8,No,33375.81,3.41,No
Tratamiento,54,642592.84,8,Mujer,Superior,10.4,No,50679.26,3.53,Sí
Control,53,643036.75,6,Mujer,Secundario,9.9,Sí,39489.19,3.14,No
Tratamiento,59,359478.10,6,Varón,Primario,9.7,No,28553.54,3.02,No
Control,37,170289.87,5,Mujer,Primario,14.7,No,17437.31,4.14,Sí
Tratamiento,36,1651608.88,9,Varón,Superior,16.0,No,40653.70,4.89,Sí
Control,48,1089695.10,6,Varón,Secundario,10.2,No,372276.71,6.99,No
Tratamiento,54,1109204.38,8,Varón,Superior,8.4,No,41095.66,3.67,No
Control,18,585144.72,7,Mujer,Superior,10.9,No,37821.05,4.82,Sí
Tratamiento,23,568166.10,6,Mujer,Superior,13.0,No,58077.82,4.24,Sí
Control,18,543067.70,6,Varón,Primario,9.1,No,13905.97,4.02,Sí
Tratamiento,51,393482.38,9,Varón,Primario,9.0,No,43113.68,3.05,No
Control,56,692058.51,3,Varón,Secundario,9.6,No,18476.91,3.73,No
Tratamiento,40,988971.65,6,Varón,Superior,13.0,No,38427.66,5.81,No
Control,31,344446.71,4,Varón,Secundario,10.0,No,48170.54,1.00,No
Tratamiento,21,244928.91,8,Varón,Secundario,13.5,Sí,46087.11,1.59,Sí
Control,55,476826.43,10,Varón,Superior,11.8,No,26064.57,5.61,No
Tratamiento,47,1247395.60,7,Varón,Superior,9.3,No,29351.98,3.14,No
Control,41,241006.32,4,Varón,Primario,15.1,No,27397.26,4.94,No
Tratamiento,34,204727.24,7,Varón,Secundario,10.9,No,52975.98,2.56,Sí
Control,60,389577.88,8,Varón,Primario,7.3,No,18572.05,1.30,Sí
Tratamiento,32,1355441.81,5,Varón,Secundario,15.2,No,44996.36,3.36,No
Control,39,243404.29,6,Varón,Secundario,10.3,No,28116.38,2.10,No
Tratamiento,52,407804.23,10,Mujer,Superior,15.8,No,16681.95,1.00,Sí
Control,55,161707.10,5,Mujer,Secundario,16.0,No,44504.26,1.25,No
Tratamiento,50,375222.61,6,Mujer,Superior,16.8,No,27350.48,6.03,Sí
Control,49,290605.73,3,Varón,Superior,11.4,No,21588.59,3.78,No
Tratamiento,44,1272491.21,,Varón,Superior,22.6,No,26295.91,3.60,No
Control,40,878606.01,8,Mujer,Secundario,8.2,Sí,48661.72,3.40,No
Tratamiento,56,144964.70,7,Varón,Secundario,16.0,No,61587.73,3.67,Sí
Control,27,402484.54,7,Mujer,Primario,18.1,No,19904.37,1.98,Sí
Tratamiento,51,1005236.27,10,Varón,Superior,14.3,No,46704.73,3.57,Sí
Control,34,455835.39,9,Varón,Superior,7.7,No,14004.86,2.12,Sí
Tratamiento,50,522728.06,8,Mujer,Secundario,11.5,No,29451.55,2.48,Sí
Control,43,694272.12,5,Varón,Primario,14.4,No,24705.84,3.87,Sí
Tratamiento,55,1059351.80,10,Varón,Superior,15.0,No,29079.25,1.00,Sí
Control,52,130824.36,6,Varón,Primario,19.9,No,14275.50,4.22,Sí
Tratamiento,45,218846.22,7,Varón,Secundario,7.9,No,48090.51,2.76,No
Control,21,111193.42,6,Varón,Superior,11.9,No,39670.47,2.53,No
Tratamiento,40,609002.43,6,Varón,Primario,17.8,No,39029.95,1.74,Sí
Control,24,411500.01,10,Varón,Secundario,13.7,No,16396.54,3.15,No
Tratamiento,22,572769.61,6,Varón,Primario,13.7,No,14630.07,1.13,No
Control,35,602219.72,8,Mujer,Secundario,21.3,No,30815.74,2.92,Sí
Tratamiento,41,352995.86,10,Varón,Superior,6.9,No,41875.38,4.05,No
Control,41,291455.07,7,Varón,Superior,14.6,No,37041.75,1.98,Sí
Tratamiento,64,424589.31,7,Varón,Superior,13.4,No,71694.14,1.00,Sí
Control,41,224175.40,6,Varón,Superior,16.6,No,15821.63,2.56,No
Tratamiento,62,251375.93,7,Mujer,Superior,16.5,No,54739.57,1.00,Sí
Control,45,951907.25,5,Mujer,Superior,8.5,No,47384.05,4.68,No
Tratamiento,43,1436486.66,7,Mujer,Secundario,0.0,No,41214.88,1.71,No
Control,55,425976.45,6,Mujer,Secundario,9.0,No,31569.69,2.77,No
Tratamiento,48,292481.78,5,Varón,Superior,4.5,No,47905.46,1.73,No
Control,54,647435.93,7,Mujer,Superior,14.9,No,32861.86,2.86,Sí
Tratamiento,32,265328.25,8,Varón,Superior,19.5,Sí,38581.34,1.75,Sí
Control,18,,8,Mujer,Secundario,5.2,No,36718.74,4.48,Sí
Tratamiento,45,309739.17,8,Mujer,Secundario,13.1,No,30533.15,3.86,Sí
Control,18,420514.27,5,Mujer,Secundario,13.5,No,41249.72,1.00,No
Tratamiento,45,334495.35,6,Varón,Primario,14.8,No,61053.39,1.93,Sí
Control,36,304972.95,7,Mujer,Primario,19.7,No,17580.73,3.33,Sí
Tratamiento,36,463838.60,8,Mujer,Primario,19.8,No,77572.54,4.02,Sí
Control,45,579465.08,7,Mujer,Superior,6.5,No,49911.63,3.58,No
Tratamiento,28,330405.55,6,Varón,Primario,13.8,No,52088.40,1.32,No
Control,31,297408.26,3,Varón,Superior,14.8,No,543262.20,2.60,No
Tratamiento,36,329172.62,6,Varón,Primario,20.2,No,71230.41,5.04,No
Control,45,709596.20,7,Mujer,Secundario,9.4,No,18603.46,2.16,No
Tratamiento,53,608227.95,4,Mujer,Secundario,9.8,No,31081.28,1.00,No
Control,47,228241.90,8,Mujer,Superior,12.0,No,40836.78,1.92,Sí
Tratamiento,29,752741.55,7,Mujer,Superior,16.8,No,44936.83,4.57,Sí
Control,42,331716.75,10,Varón,Superior,7.5,No,29469.43,2.88,No
Tratamiento,34,140622.19,7,Mujer,Superior,13.5,No,30378.55,4.12,Sí
Control,41,968591.14,6,,Superior,6.4,No,49879.25,2.50,No
Tratamiento,31,473679.58,8,Varón,Superior,13.6,No,34086.92,2.87,Sí
Control,48,431350.46,6,Mujer,Secundario,12.1,No,20569.43,2.88,Sí
Tratamiento,44,400512.65,8,Varón,Primario,16.6,No,43089.54,5.28,Sí
Control,39,772148.98,5,Mujer,Superior,8.8,No,58409.32,2.26,No
Tratamiento,48,185904.85,10,Varón,Superior,14.7,No,69424.74,4.99,Sí
Control,60,476830.08,5,Varón,Primario,16.1,No,21849.57,6.50,No
Tratamiento,32,249124.47,9,Mujer,Primario,15.6,No,32251.83,1.69,Sí
Control,34,372839.39,5,Mujer,Superior,10.6,No,47480.03,2.96,No
Tratamiento,34,123720.93,5,Varón,Superior,8.7,Sí,38312.68,4.63,No
Control,45,692184.60,9,Mujer,Superior,9.0,No,15638.03,1.00,Sí
Tratamiento,23,743989.88,8,Mujer,Secundario,7.5,No,59745.22,1.80,No
Control,40,345150.70,8,Mujer,Primario,9.2,No,25901.14,1.00,Sí
Tratamiento,38,445458.69,7,Varón,Superior,16.2,No,68254.06,6.33,Sí
Control,21,412253.37,5,Mujer,Primario,3.9,No,12520.49,1.45,No
Tratamiento,47,674419.76,9,Varón,Superior,9.8,No,23276.17,2.48,No
Control,46,243822.68,7,Mujer,Secundario,6.4,No,28764.82,3.58,No
Tratamiento,48,713600.08,9,Varón,Secundario,8.7,No,43844.57,1.00,Sí
Control,52,403915.76,6,Mujer,Secundario,11.4,No,27708.50,2.54,No
Tratamiento,18,309157.73,9,Varón,Secundario,14.6,No,25894.94,3.52,Sí
Control,25,1050928.68,8,Varón,Primario,6.4,No,27435.54,2.57,No
Tratamiento,44,231649.98,6,Mujer,Secundario,8.5,No,35345.39,3.48,No
Control,39,507205.75,4,Mujer,Superior,7.7,No,22201.07,2.87,No
Tratamiento,32,335509.60,7,Mujer,Primario,10.6,No,43314.89,2.46,No
Control,56,433320.53,3,Mujer,Primario,11.4,No,56736.75,3.26,Sí
Tratamiento,29,382627.27,8,Varón,Secundario,20.6,No,56277.84,4.77,Sí
Control,59,123935.34,6,Mujer,Primario,11.9,No,21073.03,2.92,No
Tratamiento,29,720348.40,10,Varón,Superior,13.8,No,33888.21,1.53,Sí
Control,27,766248.14,7,Mujer,Secundario,7.8,No,39910.99,1.96,Sí
Tratamiento,45,316104.96,5,Varón,Superior,14.2,No,53816.78,3.77,No
Control,18,163708.29,10,Varón,Secundario,15.5,No,18107.59,4.55,Sí
Tratamiento,26,242252.28,10,Mujer,Superior,15.3,No,37627.63,4.37,Sí
Control,37,606444.91,8,Mujer,Secundario,9.6,No,16304.58,3.14,No
Tratamiento,53,845335.04,8,Mujer,Secundario,16.3,No,40782.15,2.52,Sí
Control,43,1618797.96,3,Mujer,Secundario,11.4,No,20664.17,2.17,Sí
Tratamiento,55,868595.95,5,Mujer,Superior,14.3,No,50249.83,2.17,Sí
Control,55,199338.64,6,Mujer,Primario,13.0,Sí,17864.72,1.00,Sí
Tratamiento,49,546777.48,10,Mujer,Superior,15.6,No,35655.80,1.43,Sí
Control,51,820450.73,7,Varón,Primario,5.3,No,25131.88,1.96,No
Tratamiento,43,605465.00,6,Varón,Superior,9.6,No,50303.30,3.08,Sí
Control,39,831432.40,6,Mujer,Primario,3.8,No,48251.60,4.45,No
Tratamiento,55,809190.78,10,Varón,Secundario,11.9,No,30012.63,4.02,Sí
Control,31,752015.55,6,Mujer,Superior,8.4,No,65521.45,3.80,No
Tratamiento,27,395209.49,8,Varón,Superior,9.4,No,22820.53,1.00,Sí
Control,63,529507.40,7,Mujer,Secundario,15.0,No,32727.23,4.48,Sí
Tratamiento,62,469452.27,6,Varón,Secundario,20.1,No,45039.67,3.19,Sí
