grupo,edad,ingreso,puntaje,sexo,nivel
Control,38,610751.41,8,Mujer,Primario
Tratamiento,32,937698.41,5,Mujer,Superior
Control,42,313373.23,6,Varón,Superior
Tratamiento,31,184051.38,10,Varón,Secundario
Control,33,236223.07,6,Mujer,Superior
Tratamiento,20,236028.61,7,Varón,Primario
Control,30,375959.22,7,Mujer,Secundario
Tratamiento,,562488.42,9,Mujer,Primario
Control,30,74166.22,6,Varón,Secundario
Tratamiento,33,1791527.17,7,Mujer,Superior
Control,30,790415.11,7,Varón,Primario
Tratamiento,70,298624.10,8,Mujer,Primario
Control,55,383374.25,5,Mujer,Secundario
Tratamiento,54,639863.10,9,Mujer,Superior
Control,42,494230.49,3,Varón,Primario
Tratamiento,55,705952.92,3,Varón,Secundario
Control,32,368810.31,5,Mujer,Superior
Tratamiento,66,524278.43,9,Varón,Secundario
Control,49,225456.02,7,Mujer,Primario
Tratamiento,38,372382.39,5,Mujer,Superior
Control,48,356681.49,7,Mujer,Superior
Tratamiento,42,346577.71,8,Mujer,Secundario
Control,34,1337040.76,6,Varón,Primario
Tratamiento,48,,5,Mujer,Superior
Control,22,248557.38,5,Mujer,Superior
Tratamiento,51,843752.90,7,Mujer,Secundario
Control,40,316734.32,4,Varón,Secundario
Tratamiento,27,715136.13,6,Mujer,Secundario
Control,37,363445.48,6,Mujer,Superior
Tratamiento,29,399618.59,8,Mujer,Secundario
Control,47,301625.41,5,Mujer,Primario
Tratamiento,47,846294.60,8,Mujer,Superior
Control,47,427287.05,9,Mujer,Superior
Tratamiento,32,326938.56,7,Mujer,Secundario
Control,37,1807461.66,7,Mujer,Superior
Tratamiento,54,642592.84,8,Mujer,Superior
Control,53,643036.75,6,Mujer,Secundario
Tratamiento,59,359478.10,6,Varón,Primario
Control,37,170289.87,5,Mujer,Primario
Tratamiento,36,1651608.88,9,Varón,Superior
Control,48,1089695.10,6,Varón,Secundario
Tratamiento,54,1109204.38,8,Varón,Superior
Control,18,585144.72,7,Mujer,Superior
Tratamiento,23,568166.10,6,Mujer,Superior
Control,18,543067.70,6,Varón,Primario
Tratamiento,51,393482.38,9,Varón,Primario
Control,56,692058.51,3,Varón,Secundario
Tratamiento,40,988971.65,6,Varón,Superior
Control,31,344446.71,4,Varón,Secundario
Tratamiento,21,244928.91,8,Varón,Secundario
Control,55,476826.43,10,Varón,Superior
Tratamiento,47,1247395.60,7,Varón,Superior
Control,41,241006.32,4,Varón,Primario
Tratamiento,34,204727.24,7,Varón,Secundario
Control,60,389577.88,8,Varón,Primario
Tratamiento,32,1355441.81,5,Varón,Secundario
Control,39,243404.29,6,Varón,Secundario
Tratamiento,52,407804.23,10,Mujer,Superior
Control,55,161707.10,5,Mujer,Secundario
Tratamiento,50,375222.61,6,Mujer,Superior
Control,49,290605.73,3,Varón,Superior
Tratamiento,44,1272491.21,,Varón,Superior
Control,40,878606.01,8,Mujer,Secundario
Tratamiento,56,144964.70,7,Varón,Secundario
Control,27,402484.54,7,Mujer,Primario
Tratamiento,51,1005236.27,10,Varón,Superior
Control,34,455835.39,9,Varón,Superior
Tratamiento,50,522728.06,8,Mujer,Secundario
Control,43,694272.12,5,Varón,Primario
Tratamiento,55,1059351.80,10,Varón,Superior
Control,52,130824.36,6,Varón,Primario
Tratamiento,45,218846.22,7,Varón,Secundario
Control,21,111193.42,6,Varón,Superior
Tratamiento,40,609002.43,6,Varón,Primario
Control,24,411500.01,10,Varón,Secundario
Tratamiento,22,572769.61,6,Varón,Primario
Control,35,602219.72,8,Mujer,Secundario
Tratamiento,41,352995.86,10,Varón,Superior
Control,41,291455.07,7,Varón,Superior
Tratamiento,64,424589.31,7,Varón,Superior
Control,41,224175.40,6,Varón,Superior
Tratamiento,62,251375.93,7,Mujer,Superior
Control,45,951907.25,5,Mujer,Superior
Tratamiento,43,1436486.66,7,Mujer,Secundario
Control,55,425976.45,6,Mujer,Secundario
Tratamiento,48,292481.78,5,Varón,Superior
Control,54,647435.93,7,Mujer,Superior
Tratamiento,32,265328.25,8,Varón,Superior
Control,18,,8,Mujer,Secundario
Tratamiento,45,309739.17,8,Mujer,Secundario
Control,18,420514.27,5,Mujer,Secundario
Tratamiento,45,334495.35,6,Varón,Primario
Control,36,304972.95,7,Mujer,Primario
Tratamiento,36,463838.60,8,Mujer,Primario
Control,45,579465.08,7,Mujer,Superior
Tratamiento,28,330405.55,6,Varón,Primario
Control,31,297408.26,3,Varón,Superior
Tratamiento,36,329172.62,6,Varón,Primario
Control,45,709596.20,7,Mujer,Secundario
Tratamiento,53,608227.95,4,Mujer,Secundario
Control,47,228241.90,8,Mujer,Superior
Tratamiento,29,752741.55,7,Mujer,Superior
Control,42,331716.75,10,Varón,Superior
Tratamiento,34,140622.19,7,Mujer,Superior
Control,41,968591.14,6,,Superior
Tratamiento,31,473679.58,8,Varón,Superior
Control,48,431350.46,6,Mujer,Secundario
Tratamiento,44,400512.65,8,Varón,Primario
Control,39,772148.98,5,Mujer,Superior
Tratamiento,48,185904.85,10,Varón,Superior
Control,60,476830.08,5,Varón,Primario
Tratamiento,32,249124.47,9,Mujer,Primario
Control,34,372839.39,5,Mujer,Superior
Tratamiento,34,123720.93,5,Varón,Superior
Control,45,692184.60,9,Mujer,Superior
Tratamiento,23,743989.88,8,Mujer,Secundario
Control,40,345150.70,8,Mujer,Primario
Tratamiento,38,445458.69,7,Varón,Superior
Control,21,412253.37,5,Mujer,Primario
Tratamiento,47,674419.76,9,Varón,Superior
Control,46,243822.68,7,Mujer,Secundario
Tratamiento,48,713600.08,9,Varón,Secundario
Control,52,403915.76,6,Mujer,Secundario
Tratamiento,18,309157.73,9,Varón,Secundario
Control,25,1050928.68,8,Varón,Primario
Tratamiento,44,231649.98,6,Mujer,Secundario
Control,39,507205.75,4,Mujer,Superior
Tratamiento,32,335509.60,7,Mujer,Primario
Control,56,433320.53,3,Mujer,Primario
Tratamiento,29,382627.27,8,Varón,Secundario
Control,59,123935.34,6,Mujer,Primario
Tratamiento,29,720348.40,10,Varón,Superior
Control,27,766248.14,7,Mujer,Secundario
Tratamiento,45,316104.96,5,Varón,Superior
Control,18,163708.29,10,Varón,Secundario
Tratamiento,26,242252.28,10,Mujer,Superior
Control,37,606444.91,8,Mujer,Secundario
Tratamiento,53,845335.04,8,Mujer,Secundario
Control,43,1618797.96,3,Mujer,Secundario
Tratamiento,55,868595.95,5,Mujer,Superior
Control,55,199338.64,6,Mujer,Primario
Tratamiento,49,546777.48,10,Mujer,Superior
Control,51,820450.73,7,Varón,Primario
Tratamiento,43,605465.00,6,Varón,Superior
Control,39,831432.40,6,Mujer,Primario
Tratamiento,55,809190.78,10,Varón,Secundario
Control,31,752015.55,6,Mujer,Superior
Tratamiento,27,395209.49,8,Varón,Superior
Control,63,529507.40,7,Mujer,Secundario
Tratamiento,62,469452.27,6,Varón,Secundario
