donde,aviso
estandarización,"«Ciudad de Buenos Aires» pasa del puesto 1 al 23 al ajustar por edad. La tasa cruda y la ajustada no dicen lo mismo: dicen cosas distintas, y comparar poblaciones con la cruda es comparar estructuras de edad."
estandarización,"Hay 2 población(es) con algún grupo de edad de menos de cinco casos —«Tierra del Fuego» tiene 2—. Una tasa específica calculada con cuatro muertes es muy inestable y la ajustada la arrastra: ahí conviene mirar también la indirecta, que no necesita estimar una tasa por grupo."
estandarización,"En 20 de los 23 escalones del ranking el intervalo de una población se pisa con el de la siguiente. Un ranking se lee como si cada puesto estuviera decidido, y la mayoría de estos no lo están."
indirecta,En 5 de las 24 poblaciones el intervalo de la razón contiene al uno: su mortalidad no se distingue de la que la estructura de edad hacía esperar.
indirecta,El orden por razón indirecta y el orden por tasa directa no son el mismo: «Santiago del Estero» está 2 puesto(s) más arriba en uno que en el otro. Son dos preguntas distintas y no tienen por qué coincidir; cuando coinciden es porque las tasas específicas van casi todas para el mismo lado.
estándar,"Hay 32 par(es) de poblaciones cuyo orden se da vuelta según con qué estándar se las mire, y en 29 de ellos los intervalos se pisan con los dos estándares. Es la respuesta a la frase de que el estándar cambia el nivel pero no el orden: cambia el orden, y casi siempre lo cambia donde no estaba establecido. Casi siempre, pero no siempre: en 3 par(es) los intervalos NO se pisan con alguno de los dos estándares, así que con ese estándar la diferencia parecía establecida y con el otro se da vuelta. Están marcados en sensibilidad.csv."
estándar,"La tasa de «Ciudad de Buenos Aires» va de 496,4 con el estándar «oms» a 1162,2 con «europea». Son los mismos datos y el mismo método. Una tasa ajustada sin el nombre de su estándar al lado no quiere decir nada, y dos tasas ajustadas con estándares distintos no se comparan."
comparación,"Entre «Ciudad de Buenos Aires» y «Chaco» la tasa cruda y la ajustada van para lados contrarios. La descomposición dice por qué: el efecto de la estructura es 681,4 y el de las tasas -484,9, y el primero es más grande que la brecha entera."
comparación,"Entre «Catamarca» y «Santiago del Estero» la tasa cruda y la ajustada van para lados contrarios. La descomposición dice por qué: el efecto de la estructura es 69,5 y el de las tasas -2,5, y el primero es más grande que la brecha entera."
