poblacion_a,poblacion_b,grupo_edad,proporcion_a,proporcion_b,tasa_a,tasa_b,efecto_estructura,efecto_tasas
Ciudad de Buenos Aires,Chaco,0 a 9,0.093420,0.159094,70.545030,153.701696,-7.363642,-10.499122
Ciudad de Buenos Aires,Chaco,10 a 14,0.055145,0.083486,16.403142,48.994025,-0.926720,-2.259060
Ciudad de Buenos Aires,Chaco,15 a 19,0.059009,0.084706,27.373112,97.626521,-1.606051,-5.048262
Ciudad de Buenos Aires,Chaco,20 a 24,0.068657,0.085985,44.700834,147.881571,-1.668553,-7.978029
Ciudad de Buenos Aires,Chaco,25 a 29,0.074917,0.086755,62.526142,135.294419,-1.170878,-5.882309
Ciudad de Buenos Aires,Chaco,30 a 34,0.081274,0.080059,72.343081,172.155273,0.148452,-8.051503
Ciudad de Buenos Aires,Chaco,35 a 39,0.078288,0.072960,101.098883,234.000804,0.892716,-10.050575
Ciudad de Buenos Aires,Chaco,40 a 44,0.075599,0.069757,154.264934,311.030096,1.359096,-11.393377
Ciudad de Buenos Aires,Chaco,45 a 49,0.070491,0.056682,220.897246,462.781395,4.720311,-15.380568
Ciudad de Buenos Aires,Chaco,50 a 54,0.061149,0.048117,395.171303,748.433833,7.451688,-19.299929
Ciudad de Buenos Aires,Chaco,55 a 59,0.055604,0.044960,602.490138,1155.017602,9.353397,-27.782093
Ciudad de Buenos Aires,Chaco,60 a 64,0.052965,0.039398,960.647019,1886.835037,19.316621,-42.772898
Ciudad de Buenos Aires,Chaco,65 a 69,0.047865,0.032806,1578.666739,2905.621510,33.763246,-53.523352
Ciudad de Buenos Aires,Chaco,70 a 74,0.042609,0.023269,2423.897797,4559.003363,67.526759,-70.328151
Ciudad de Buenos Aires,Chaco,75 a 79,0.035000,0.015058,3960.606228,7157.198535,110.858969,-80.007695
Ciudad de Buenos Aires,Chaco,80 y más,0.048007,0.016906,12340.852200,15873.349810,438.741617,-114.653542
Ciudad de Buenos Aires,Tierra del Fuego,0 a 9,0.093420,0.147244,70.545030,51.406330,-3.281976,2.302999
Ciudad de Buenos Aires,Tierra del Fuego,10 a 14,0.055145,0.082803,16.403142,13.059092,-0.407426,0.230652
Ciudad de Buenos Aires,Tierra del Fuego,15 a 19,0.059009,0.075893,27.373112,78.364323,-0.892607,-3.439417
Ciudad de Buenos Aires,Tierra del Fuego,20 a 24,0.068657,0.070427,44.700834,76.769538,-0.107501,-2.230116
Ciudad de Buenos Aires,Tierra del Fuego,25 a 29,0.074917,0.087031,62.526142,6.212338,-0.416324,4.559950
Ciudad de Buenos Aires,Tierra del Fuego,30 a 34,0.081274,0.096271,72.343081,95.473436,-1.258356,-2.053330
Ciudad de Buenos Aires,Tierra del Fuego,35 a 39,0.078288,0.086885,101.098883,68.450529,-0.728771,2.696307
Ciudad de Buenos Aires,Tierra del Fuego,40 a 44,0.075599,0.080045,154.264934,162.107396,-0.703339,-0.610317
Ciudad de Buenos Aires,Tierra del Fuego,45 a 49,0.070491,0.062982,220.897246,128.766418,1.312799,6.148473
Ciudad de Buenos Aires,Tierra del Fuego,50 a 54,0.061149,0.051044,395.171303,466.052325,4.351474,-3.976190
Ciudad de Buenos Aires,Tierra del Fuego,55 a 59,0.055604,0.049892,602.490138,498.482878,3.144043,5.486186
Ciudad de Buenos Aires,Tierra del Fuego,60 a 64,0.052965,0.043129,960.647019,1090.635577,10.088929,-6.245568
Ciudad de Buenos Aires,Tierra del Fuego,65 a 69,0.047865,0.028590,1578.666739,1701.966717,31.616175,-4.713449
Ciudad de Buenos Aires,Tierra del Fuego,70 a 74,0.042609,0.017593,2423.897797,2642.901045,63.375711,-6.592265
Ciudad de Buenos Aires,Tierra del Fuego,75 a 79,0.035000,0.009856,3960.606228,4991.771805,112.549596,-23.127317
Ciudad de Buenos Aires,Tierra del Fuego,80 y más,0.048007,0.010316,12340.852200,10953.878410,439.004560,40.446257
Catamarca,Santiago del Estero,0 a 9,0.142464,0.164442,68.941744,96.585585,-1.819024,-4.242027
Catamarca,Santiago del Estero,10 a 14,0.080711,0.089904,26.076375,50.475309,-0.351869,-2.081409
Catamarca,Santiago del Estero,15 a 19,0.082675,0.087342,67.884822,81.181131,-0.347815,-1.130300
Catamarca,Santiago del Estero,20 a 24,0.085732,0.088637,95.469300,111.992832,-0.301378,-1.440593
Catamarca,Santiago del Estero,25 a 29,0.085636,0.085291,106.499181,116.386047,0.038394,-0.844966
Catamarca,Santiago del Estero,30 a 34,0.076768,0.074685,127.939564,131.648903,0.270412,-0.280895
Catamarca,Santiago del Estero,35 a 39,0.072360,0.069167,177.746178,165.386403,0.547757,0.874625
Catamarca,Santiago del Estero,40 a 44,0.073141,0.069599,191.834255,243.147056,0.770492,-3.662188
Catamarca,Santiago del Estero,45 a 49,0.062669,0.057568,302.250084,333.371652,1.621179,-1.870993
Catamarca,Santiago del Estero,50 a 54,0.051896,0.046183,468.637347,593.654043,3.034482,-6.130743
Catamarca,Santiago del Estero,55 a 59,0.044925,0.040466,775.597314,871.434245,3.671949,-4.091800
Catamarca,Santiago del Estero,60 a 64,0.040421,0.036414,1266.994504,1334.475686,5.211931,-2.592457
Catamarca,Santiago del Estero,65 a 69,0.034893,0.031668,2137.926412,2092.724722,6.821116,1.504331
Catamarca,Santiago del Estero,70 a 74,0.027143,0.024110,3273.886448,3293.859305,9.961036,-0.511830
Catamarca,Santiago del Estero,75 a 79,0.017780,0.016157,5221.623044,5295.494441,8.533012,-1.253468
Catamarca,Santiago del Estero,80 y más,0.020787,0.018367,13803.577460,12512.868030,31.838295,25.268321
