poblacion,observados,esperados,razon,razon_inferior,razon_superior,distinta_de_uno,estandarizada_indirecta,estandarizada_directa,diferencia_con_la_directa,cruda,rango_indirecto,rango_directo
Chaco,9895,7345.758594,1.347036,1.320624,1.373843,Sí,1166.182541,844.063139,322.119402,879.866051,1,1
Misiones,9455,7844.229086,1.205345,1.181170,1.229890,Sí,1043.514897,752.067415,291.447482,742.531297,2,2
Formosa,4702,4096.945420,1.147684,1.115112,1.180967,Sí,993.596001,723.009180,270.586821,776.539330,3,3
La Rioja,2771,2565.906083,1.079930,1.040092,1.120904,Sí,934.938745,673.952725,260.986021,724.533472,4,4
Santa Fe,34843,32800.115480,1.062283,1.051158,1.073496,Sí,919.660549,660.383220,259.277329,990.122644,5,5
Tucumán,13642,12929.763550,1.055085,1.037453,1.072941,Sí,913.429116,660.039561,253.389554,789.770612,6,6
Entre Ríos,12803,12273.462580,1.043145,1.025153,1.061373,Sí,903.092075,649.224969,253.867106,904.743632,7,7
Córdoba,35810,34547.325550,1.036549,1.025841,1.047341,Sí,897.381841,637.167712,260.214129,939.386117,8,9
Corrientes,8983,8842.010419,1.015945,0.995044,1.037176,No,879.544396,638.787672,240.756724,742.598607,9,8
Santa Cruz,1962,1934.669608,1.014127,0.969745,1.060016,No,877.969810,632.891855,245.077955,584.490448,10,11
Buenos Aires,157331,155504.597200,1.011745,1.006752,1.016757,Sí,875.907931,630.375807,245.532124,903.738581,11,12
Santiago del Estero,7162,7096.672943,1.009205,0.985966,1.032854,No,873.709211,634.116285,239.592927,677.096333,12,10
Catamarca,3182,3168.305423,1.004322,0.969727,1.039837,No,869.481855,625.372725,244.109130,744.109909,13,13
San Juan,6190,6288.875169,0.984278,0.959909,1.009109,No,852.128446,610.448090,241.680356,755.389318,14,15
Salta,9534,9777.604536,0.975085,0.955610,0.994858,Sí,844.170300,611.373388,232.796912,664.749255,15,14
San Luis,3982,4127.934083,0.964647,0.934916,0.995084,Sí,835.133472,599.580189,235.553284,736.659834,16,16
Chubut,4123,4392.819553,0.938577,0.910144,0.967672,Sí,812.563593,585.525400,227.038192,699.460857,17,17
Jujuy,5452,5913.189124,0.922007,0.897693,0.946812,Sí,798.217907,578.377484,219.840423,673.615333,18,18
Mendoza,16465,17869.123230,0.921422,0.907401,0.935605,Sí,797.711549,567.414701,230.296848,810.775010,19,19
Río Negro,5457,6041.948091,0.903186,0.879379,0.927473,Sí,781.923657,564.026670,217.896987,729.841099,20,20
La Pampa,2935,3318.034063,0.884560,0.852845,0.917153,Sí,765.798752,542.806224,222.992528,817.109465,21,21
Neuquén,4185,4872.066478,0.858978,0.833149,0.885405,Sí,743.651820,534.384132,209.267689,590.619522,22,22
Ciudad de Buenos Aires,33318,40420.370760,0.824287,0.815460,0.833187,Sí,713.618367,496.351163,217.267205,1076.352613,23,23
Tierra del Fuego,758,968.272953,0.782837,0.728092,0.840608,Sí,677.733251,496.215960,181.517290,409.822771,24,24
