poblacion,menor,mayor,razon_entre_niveles,estandar_del_menor,estandar_del_mayor
Buenos Aires,630.375807,1431.154188,2.270319,oms,europea
Catamarca,625.372725,1419.431245,2.269736,oms,europea
Chaco,844.063139,1831.321719,2.169650,oms,europea
Chubut,585.525400,1325.622717,2.263988,oms,europea
Ciudad de Buenos Aires,496.351163,1162.240206,2.341568,oms,europea
Corrientes,638.787672,1408.816191,2.205453,oms,europea
Córdoba,637.167712,1480.645849,2.323793,oms,europea
Entre Ríos,649.224969,1477.320063,2.275513,oms,europea
Formosa,723.009180,1539.320793,2.129047,oms,europea
Jujuy,578.377484,1276.585897,2.207185,oms,europea
La Pampa,542.806224,1264.656154,2.329848,oms,europea
La Rioja,673.952725,1516.091044,2.249551,oms,europea
Mendoza,567.414701,1314.315306,2.316322,oms,europea
Misiones,752.067415,1676.740932,2.229509,oms,europea
Neuquén,534.384132,1233.743178,2.308720,oms,europea
Río Negro,564.026670,1275.072092,2.260659,oms,europea
Salta,611.373388,1346.023655,2.201639,oms,europea
San Juan,610.448090,1404.276844,2.300403,oms,europea
San Luis,599.580189,1373.124325,2.290143,oms,europea
Santa Cruz,632.891855,1403.763276,2.218014,oms,europea
Santa Fe,660.383220,1503.549742,2.276784,oms,europea
Santiago del Estero,634.116285,1387.099414,2.187453,oms,europea
Tierra del Fuego,496.215960,1150.344541,2.318234,oms,europea
Tucumán,660.039561,1475.366238,2.235269,oms,europea
