poblacion,grupo_edad,casos,expuestos,proporcion_propia,peso_estandar,tasa_especifica,aporte
Buenos Aires,0 a 9,1941,2421619,0.139102,0.175439,80.152989,14.061960
Buenos Aires,10 a 14,281,1407051,0.080824,0.085970,19.970847,1.716894
Buenos Aires,15 a 19,735,1367538,0.078554,0.084670,53.746221,4.550693
Buenos Aires,20 a 24,1011,1293362,0.074293,0.082171,78.168370,6.423173
Buenos Aires,25 a 29,1270,1296778,0.074489,0.079272,97.935036,7.763506
Buenos Aires,30 a 34,1442,1292913,0.074267,0.076073,111.531093,8.484505
Buenos Aires,35 a 39,1719,1241676,0.071324,0.071475,138.441912,9.895136
Buenos Aires,40 a 44,2627,1267205,0.072791,0.065877,207.306632,13.656739
Buenos Aires,45 a 49,3543,1121090,0.064397,0.060379,316.031719,19.081679
Buenos Aires,50 a 54,5039,971898,0.055828,0.053681,518.470045,27.831990
Buenos Aires,55 a 59,6989,848854,0.048760,0.045484,823.345357,37.449040
Buenos Aires,60 a 64,10250,765838,0.043991,0.037187,1338.403161,49.771198
Buenos Aires,65 a 69,14379,668744,0.038414,0.029590,2150.150132,63.622942
Buenos Aires,70 a 74,18358,556735,0.031980,0.022092,3297.439536,72.847034
Buenos Aires,75 a 79,21266,407708,0.023420,0.015195,5215.987913,79.256936
Buenos Aires,80 y más,66481,479897,0.027566,0.015445,13853.181000,213.962380
Catamarca,0 a 9,42,60921,0.142464,0.175439,68.941744,12.095071
Catamarca,10 a 14,9,34514,0.080711,0.085970,26.076375,2.241786
Catamarca,15 a 19,24,35354,0.082675,0.084670,67.884822,5.747808
Catamarca,20 a 24,35,36661,0.085732,0.082171,95.469300,7.844808
Catamarca,25 a 29,39,36620,0.085636,0.079272,106.499181,8.442403
Catamarca,30 a 34,42,32828,0.076768,0.076073,127.939564,9.732746
Catamarca,35 a 39,55,30943,0.072360,0.071475,177.746178,12.704408
Catamarca,40 a 44,60,31277,0.073141,0.065877,191.834255,12.637465
Catamarca,45 a 49,81,26799,0.062669,0.060379,302.250084,18.249558
Catamarca,50 a 54,104,22192,0.051896,0.053681,468.637347,25.156921
Catamarca,55 a 59,149,19211,0.044925,0.045484,775.597314,35.277268
Catamarca,60 a 64,219,17285,0.040421,0.037187,1266.994504,47.115725
Catamarca,65 a 69,319,14921,0.034893,0.029590,2137.926412,63.261243
Catamarca,70 a 74,380,11607,0.027143,0.022092,3273.886448,72.326699
Catamarca,75 a 79,397,7603,0.017780,0.015195,5221.623044,79.342562
Catamarca,80 y más,1227,8889,0.020787,0.015445,13803.577460,213.196254
Chaco,0 a 9,275,178918,0.159094,0.175439,153.701696,26.965272
Chaco,10 a 14,46,93889,0.083486,0.085970,48.994025,4.212016
Chaco,15 a 19,93,95261,0.084706,0.084670,97.626521,8.266038
Chaco,20 a 24,143,96699,0.085985,0.082171,147.881571,12.151577
Chaco,25 a 29,132,97565,0.086755,0.079272,135.294419,10.725059
Chaco,30 a 34,155,90035,0.080059,0.076073,172.155273,13.096368
Chaco,35 a 39,192,82051,0.072960,0.071475,234.000804,16.725207
Chaco,40 a 44,244,78449,0.069757,0.065877,311.030096,20.489730
Chaco,45 a 49,295,63745,0.056682,0.060379,462.781395,27.942278
Chaco,50 a 54,405,54113,0.048117,0.053681,748.433833,40.176677
Chaco,55 a 59,584,50562,0.044960,0.045484,1155.017602,52.534821
Chaco,60 a 64,836,44307,0.039398,0.037187,1886.835037,70.165735
Chaco,65 a 69,1072,36894,0.032806,0.029590,2905.621510,85.977340
Chaco,70 a 74,1193,26168,0.023269,0.022092,4559.003363,100.717502
Chaco,75 a 79,1212,16934,0.015058,0.015195,7157.198535,108.753632
Chaco,80 y más,3018,19013,0.016906,0.015445,15873.349810,245.163888
Chubut,0 a 9,76,83810,0.142182,0.175439,90.681303,15.909037
Chubut,10 a 14,12,48669,0.082566,0.085970,24.656352,2.119707
Chubut,15 a 19,28,44725,0.075875,0.084670,62.604807,5.300749
Chubut,20 a 24,33,42255,0.071685,0.082171,78.097267,6.417330
Chubut,25 a 29,39,46142,0.078279,0.079272,84.521694,6.700204
Chubut,30 a 34,60,47481,0.080551,0.076073,126.366336,9.613066
Chubut,35 a 39,60,47202,0.080077,0.071475,127.113258,9.085420
Chubut,40 a 44,95,47137,0.079967,0.065877,201.540191,13.276863
Chubut,45 a 49,103,39371,0.066792,0.060379,261.613878,15.795984
Chubut,50 a 54,149,31413,0.053292,0.053681,474.325916,25.462289
Chubut,55 a 59,221,28211,0.047860,0.045484,783.382369,35.631364
Chubut,60 a 64,298,24212,0.041075,0.037187,1230.794647,45.769561
Chubut,65 a 69,358,20454,0.034700,0.029590,1750.268896,51.790457
Chubut,70 a 74,500,15546,0.026374,0.022092,3216.261418,71.053647
Chubut,75 a 79,484,10520,0.017847,0.015195,4600.760456,69.908555
Chubut,80 y más,1607,12306,0.020877,0.015445,13058.670570,201.691167
Ciudad de Buenos Aires,0 a 9,204,289177,0.093420,0.175439,70.545030,12.376349
Ciudad de Buenos Aires,10 a 14,28,170699,0.055145,0.085970,16.403142,1.410178
Ciudad de Buenos Aires,15 a 19,50,182661,0.059009,0.084670,27.373112,2.317681
Ciudad de Buenos Aires,20 a 24,95,212524,0.068657,0.082171,44.700834,3.673112
Ciudad de Buenos Aires,25 a 29,145,231903,0.074917,0.079272,62.526142,4.956572
Ciudad de Buenos Aires,30 a 34,182,251579,0.081274,0.076073,72.343081,5.503355
Ciudad de Buenos Aires,35 a 39,245,242337,0.078288,0.071475,101.098883,7.226043
Ciudad de Buenos Aires,40 a 44,361,234013,0.075599,0.065877,154.264934,10.162511
Ciudad de Buenos Aires,45 a 49,482,218201,0.070491,0.060379,220.897246,13.337555
Ciudad de Buenos Aires,50 a 54,748,189285,0.061149,0.053681,395.171303,21.213191
Ciudad de Buenos Aires,55 a 59,1037,172119,0.055604,0.045484,602.490138,27.403661
Ciudad de Buenos Aires,60 a 64,1575,163952,0.052965,0.037187,960.647019,35.723581
Ciudad de Buenos Aires,65 a 69,2339,148163,0.047865,0.029590,1578.666739,46.712749
Ciudad de Buenos Aires,70 a 74,3197,131895,0.042609,0.022092,2423.897797,53.548750
Ciudad de Buenos Aires,75 a 79,4291,108342,0.035000,0.015195,3960.606228,60.181412
Ciudad de Buenos Aires,80 y más,18339,148604,0.048007,0.015445,12340.852200,190.604462
Corrientes,0 a 9,254,189763,0.156872,0.175439,133.851172,23.482716
Corrientes,10 a 14,32,101819,0.084171,0.085970,31.428319,2.701893
Corrientes,15 a 19,57,102386,0.084640,0.084670,55.671674,4.713721
Corrientes,20 a 24,91,104712,0.086562,0.082171,86.905035,7.141074
Corrientes,25 a 29,117,100610,0.083171,0.079272,116.290627,9.218591
Corrientes,30 a 34,122,93797,0.077539,0.076073,130.068126,9.894673
Corrientes,35 a 39,115,82473,0.068178,0.071475,139.439574,9.966444
Corrientes,40 a 44,176,81059,0.067009,0.065877,217.125797,14.303596
Corrientes,45 a 49,218,67151,0.055512,0.060379,324.641480,19.601528
Corrientes,50 a 54,328,59314,0.049033,0.053681,552.989176,29.685012
Corrientes,55 a 59,479,55948,0.046251,0.045484,856.152141,38.941224
Corrientes,60 a 64,657,49271,0.040731,0.037187,1333.441578,49.586692
Corrientes,65 a 69,928,43003,0.035549,0.029590,2157.988978,63.854894
Corrientes,70 a 74,1084,32114,0.026548,0.022092,3375.474871,74.570991
Corrientes,75 a 79,1194,21829,0.018045,0.015195,5469.787897,83.113427
Corrientes,80 y más,3131,24422,0.020189,0.015445,12820.407830,198.011199
Córdoba,0 a 9,448,518788,0.136091,0.175439,86.355120,15.150056
Córdoba,10 a 14,67,287822,0.075503,0.085970,23.278276,2.001233
Córdoba,15 a 19,136,294939,0.077370,0.084670,46.111230,3.904238
Córdoba,20 a 24,227,307775,0.080737,0.082171,73.755178,6.060537
Córdoba,25 a 29,295,295708,0.077572,0.079272,99.760575,7.908220
Córdoba,30 a 34,302,282806,0.074187,0.076073,106.786985,8.123606
Córdoba,35 a 39,312,270698,0.071011,0.071475,115.257593,8.238036
Córdoba,40 a 44,489,280745,0.073646,0.065877,174.179415,11.474417
Córdoba,45 a 49,660,237816,0.062385,0.060379,277.525482,16.756711
Córdoba,50 a 54,959,204847,0.053737,0.053681,468.154281,25.130990
Córdoba,55 a 59,1343,186735,0.048985,0.045484,719.201007,32.712139
Córdoba,60 a 64,2269,169323,0.044418,0.037187,1340.042404,49.832157
Córdoba,65 a 69,3068,149214,0.039143,0.029590,2056.107336,60.840216
Córdoba,70 a 74,4203,126739,0.033247,0.022092,3316.264133,73.262907
Córdoba,75 a 79,5030,91824,0.024088,0.015195,5477.870709,83.236245
Córdoba,80 y más,16002,106285,0.027881,0.015445,15055.746340,232.536002
Entre Ríos,0 a 9,217,204078,0.144215,0.175439,106.331893,18.654761
Entre Ríos,10 a 14,34,110627,0.078176,0.085970,30.733908,2.642194
Entre Ríos,15 a 19,61,110689,0.078220,0.084670,55.109360,4.666110
Entre Ríos,20 a 24,96,109804,0.077595,0.082171,87.428509,7.184088
Entre Ríos,25 a 29,104,108710,0.076822,0.079272,95.667372,7.583744
Entre Ríos,30 a 34,124,106100,0.074977,0.076073,116.870877,8.890718
Entre Ríos,35 a 39,138,100622,0.071106,0.071475,137.146946,9.802578
Entre Ríos,40 a 44,188,101260,0.071557,0.065877,185.660675,12.230768
Entre Ríos,45 a 49,267,86489,0.061119,0.060379,308.709778,18.639588
Entre Ríos,50 a 54,349,75213,0.053150,0.053681,464.015529,24.908818
Entre Ríos,55 a 59,592,70404,0.049752,0.045484,840.861315,38.245736
Entre Ríos,60 a 64,844,62305,0.044029,0.037187,1354.626434,50.374493
Entre Ríos,65 a 69,1227,55135,0.038962,0.029590,2225.446631,65.850966
Entre Ríos,70 a 74,1485,45084,0.031859,0.022092,3293.851477,72.767767
Entre Ríos,75 a 79,1724,31685,0.022391,0.015195,5441.060439,82.676913
Entre Ríos,80 y más,5353,36892,0.026070,0.015445,14509.920850,224.105728
Formosa,0 a 9,166,98963,0.163438,0.175439,167.739458,29.428043
Formosa,10 a 14,16,53962,0.089119,0.085970,29.650495,2.549053
Formosa,15 a 19,52,52169,0.086158,0.084670,99.676053,8.439571
Formosa,20 a 24,75,50109,0.082755,0.082171,149.673711,12.298839
Formosa,25 a 29,78,51468,0.085000,0.079272,151.550478,12.013709
Formosa,30 a 34,83,46126,0.076177,0.076073,179.941898,13.688720
Formosa,35 a 39,104,40745,0.067291,0.071475,255.246042,18.243711
Formosa,40 a 44,112,40254,0.066480,0.065877,278.233219,18.329170
Formosa,45 a 49,151,33858,0.055917,0.060379,445.980271,26.927843
Formosa,50 a 54,196,29476,0.048680,0.053681,664.947754,35.695060
Formosa,55 a 59,257,28090,0.046391,0.045484,914.916340,41.614055
Formosa,60 a 64,370,24248,0.040046,0.037187,1525.899043,56.743608
Formosa,65 a 69,477,20463,0.033795,0.029590,2331.036505,68.975370
Formosa,70 a 74,555,15082,0.024908,0.022092,3679.883305,81.295982
Formosa,75 a 79,580,9830,0.016234,0.015195,5900.305188,89.655137
Formosa,80 y más,1430,10664,0.017612,0.015445,13409.602400,207.111309
Jujuy,0 a 9,92,120012,0.148279,0.175439,76.659001,13.448978
Jujuy,10 a 14,20,69488,0.085855,0.085970,28.781948,2.474384
Jujuy,15 a 19,47,66010,0.081558,0.084670,71.201333,6.028617
Jujuy,20 a 24,57,65531,0.080966,0.082171,86.981734,7.147376
Jujuy,25 a 29,95,67337,0.083197,0.079272,141.081426,11.183807
Jujuy,30 a 34,84,60612,0.074888,0.076073,138.586419,10.542685
Jujuy,35 a 39,101,59179,0.073118,0.071475,170.668649,12.198542
Jujuy,40 a 44,136,60952,0.075309,0.065877,223.126395,14.698897
Jujuy,45 a 49,180,51360,0.063457,0.060379,350.467290,21.160864
Jujuy,50 a 54,196,41143,0.050834,0.053681,476.387235,25.572943
Jujuy,55 a 59,284,36053,0.044545,0.045484,787.729176,35.829074
Jujuy,60 a 64,361,31589,0.039029,0.037187,1142.802874,42.497410
Jujuy,65 a 69,522,27779,0.034322,0.029590,1879.117319,55.603081
Jujuy,70 a 74,620,21151,0.026133,0.022092,2931.303484,64.758357
Jujuy,75 a 79,655,14665,0.018119,0.015195,4466.416638,67.867201
Jujuy,80 y más,2002,16503,0.020390,0.015445,12131.127670,187.365267
La Pampa,0 a 9,36,49585,0.138046,0.175439,72.602602,12.737328
La Pampa,10 a 14,1,28267,0.078696,0.085970,3.537694,0.304136
La Pampa,15 a 19,22,27029,0.075249,0.084670,81.394058,6.891635
La Pampa,20 a 24,16,24292,0.067629,0.082171,65.865305,5.412218
La Pampa,25 a 29,18,26486,0.073738,0.079272,67.960432,5.387359
La Pampa,30 a 34,21,27799,0.077393,0.076073,75.542286,5.746728
La Pampa,35 a 39,20,26463,0.073673,0.071475,75.577221,5.401882
La Pampa,40 a 44,49,26094,0.072646,0.065877,187.782632,12.370556
La Pampa,45 a 49,53,22681,0.063144,0.060379,233.675764,14.109109
La Pampa,50 a 54,74,19809,0.055149,0.053681,373.567570,20.053481
La Pampa,55 a 59,125,18584,0.051738,0.045484,672.621610,30.593521
La Pampa,60 a 64,165,16332,0.045469,0.037187,1010.286554,37.569526
La Pampa,65 a 69,262,14602,0.040652,0.029590,1794.274757,53.092590
La Pampa,70 a 74,334,12064,0.033586,0.022092,2768.567639,61.163196
La Pampa,75 a 79,423,8952,0.024923,0.015195,4725.201072,71.799430
La Pampa,80 y más,1316,10154,0.028269,0.015445,12960.409690,200.173528
La Rioja,0 a 9,61,54156,0.141602,0.175439,112.637566,19.761022
La Rioja,10 a 14,7,30561,0.079908,0.085970,22.905010,1.969144
La Rioja,15 a 19,21,32361,0.084614,0.084670,64.892927,5.494484
La Rioja,20 a 24,40,33497,0.087585,0.082171,119.413679,9.812341
La Rioja,25 a 29,46,35524,0.092885,0.079272,129.489922,10.264925
La Rioja,30 a 34,32,30754,0.080412,0.076073,104.051505,7.915510
La Rioja,35 a 39,49,27257,0.071269,0.071475,179.770334,12.849085
La Rioja,40 a 44,56,28417,0.074302,0.065877,197.065137,12.982060
La Rioja,45 a 49,65,23620,0.061759,0.060379,275.190517,16.615728
La Rioja,50 a 54,107,19418,0.050772,0.053681,551.035122,29.580116
La Rioja,55 a 59,132,17175,0.044907,0.045484,768.558952,34.957135
La Rioja,60 a 64,237,15075,0.039417,0.037187,1572.139303,58.463144
La Rioja,65 a 69,274,12467,0.032597,0.029590,2197.802198,65.032967
La Rioja,70 a 74,351,9305,0.024330,0.022092,3772.165502,83.334680
La Rioja,75 a 79,322,6248,0.016337,0.015195,5153.649168,78.309699
La Rioja,80 y más,971,6618,0.017304,0.015445,14672.106380,226.610683
Mendoza,0 a 9,215,301683,0.148556,0.175439,71.266860,12.502987
Mendoza,10 a 14,37,167781,0.082619,0.085970,22.052557,1.895858
Mendoza,15 a 19,74,155359,0.076502,0.084670,47.631615,4.032969
Mendoza,20 a 24,109,152043,0.074870,0.082171,71.690246,5.890859
Mendoza,25 a 29,135,156833,0.077228,0.079272,86.078823,6.823640
Mendoza,30 a 34,158,153120,0.075400,0.076073,103.187043,7.849748
Mendoza,35 a 39,182,141926,0.069888,0.071475,128.235841,9.165657
Mendoza,40 a 44,209,142295,0.070069,0.065877,146.877965,9.675880
Mendoza,45 a 49,320,123819,0.060971,0.060379,258.441758,15.604455
Mendoza,50 a 54,429,105784,0.052091,0.053681,405.543371,21.769974
Mendoza,55 a 59,614,93063,0.045826,0.045484,659.768114,30.008893
Mendoza,60 a 64,925,87095,0.042888,0.037187,1062.058672,39.494776
Mendoza,65 a 69,1561,80070,0.039428,0.029590,1949.544149,57.687011
Mendoza,70 a 74,2030,67702,0.033338,0.022092,2998.434315,66.241411
Mendoza,75 a 79,2389,48654,0.023958,0.015195,4910.182102,74.610217
Mendoza,80 y más,7078,53546,0.026367,0.015445,13218.541070,204.160367
Misiones,0 a 9,249,221991,0.174337,0.175439,112.166709,19.678415
Misiones,10 a 14,39,118970,0.093431,0.085970,32.781373,2.818215
Misiones,15 a 19,92,109481,0.085979,0.084670,84.032846,7.115061
Misiones,20 a 24,137,107797,0.084656,0.082171,127.090735,10.443173
Misiones,25 a 29,123,105121,0.082555,0.079272,117.008019,9.275460
Misiones,30 a 34,152,98684,0.077500,0.076073,154.026995,11.717296
Misiones,35 a 39,170,89326,0.070151,0.071475,190.314130,13.602702
Misiones,40 a 44,201,83252,0.065380,0.065877,241.435641,15.905056
Misiones,45 a 49,257,69658,0.054705,0.060379,368.945419,22.276555
Misiones,50 a 54,367,59462,0.046697,0.053681,617.200901,33.131962
Misiones,55 a 59,535,55508,0.043592,0.045484,963.825034,43.838618
Misiones,60 a 64,816,48851,0.038364,0.037187,1670.385458,62.116624
Misiones,65 a 69,960,39622,0.031116,0.029590,2422.896371,71.693504
Misiones,70 a 74,1161,27872,0.021889,0.022092,4165.470723,92.023579
Misiones,75 a 79,1164,18162,0.014263,0.015195,6408.985795,97.384539
Misiones,80 y más,3032,19590,0.015385,0.015445,15477.284330,239.046656
Neuquén,0 a 9,65,100805,0.142264,0.175439,64.480929,11.312470
Neuquén,10 a 14,15,58829,0.083024,0.085970,25.497629,2.192031
Neuquén,15 a 19,23,51817,0.073128,0.084670,44.386977,3.758245
Neuquén,20 a 24,39,51047,0.072041,0.082171,76.400180,6.277879
Neuquén,25 a 29,42,57884,0.081690,0.079272,72.558911,5.751890
Neuquén,30 a 34,68,61708,0.087087,0.076073,110.196409,8.382971
Neuquén,35 a 39,63,56167,0.079267,0.071475,112.165506,8.017030
Neuquén,40 a 44,101,55377,0.078152,0.065877,182.386189,12.015055
Neuquén,45 a 49,95,46910,0.066203,0.060379,202.515455,12.227681
Neuquén,50 a 54,157,39017,0.055064,0.053681,402.388702,21.600628
Neuquén,55 a 59,220,34173,0.048228,0.045484,643.783104,29.281831
Neuquén,60 a 64,296,28755,0.040581,0.037187,1029.386194,38.279784
Neuquén,65 a 69,415,24020,0.033899,0.029590,1727.726894,51.123439
Neuquén,70 a 74,532,17894,0.025253,0.022092,2973.063597,65.680921
Neuquén,75 a 79,514,11809,0.016666,0.015195,4352.612414,66.137946
Neuquén,80 y más,1540,12366,0.017452,0.015445,12453.501540,192.344331
Río Negro,0 a 9,88,104835,0.140211,0.175439,83.941432,14.726601
Río Negro,10 a 14,14,59967,0.080202,0.085970,23.346174,2.007071
Río Negro,15 a 19,37,55548,0.074292,0.084670,66.609059,5.639789
Río Negro,20 a 24,55,53942,0.072144,0.082171,101.961366,8.378267
Río Negro,25 a 29,60,58116,0.077727,0.079272,103.241792,8.184183
Río Negro,30 a 34,63,59674,0.079810,0.076073,105.573617,8.031302
Río Negro,35 a 39,79,57295,0.076629,0.071475,137.882887,9.855179
Río Negro,40 a 44,111,56766,0.075921,0.065877,195.539584,12.881561
Río Negro,45 a 49,134,48874,0.065366,0.060379,274.174408,16.554377
Río Negro,50 a 54,181,40573,0.054264,0.053681,446.109482,23.947603
Río Negro,55 a 59,246,37430,0.050060,0.045484,657.226823,29.893305
Río Negro,60 a 64,357,32214,0.043084,0.037187,1108.213820,41.211147
Río Negro,65 a 69,498,27983,0.037426,0.029590,1779.651932,52.659901
Río Negro,70 a 74,626,21687,0.029005,0.022092,2886.521879,63.769041
Río Negro,75 a 79,760,15490,0.020717,0.015195,4906.391220,74.552615
Río Negro,80 y más,2148,17303,0.023142,0.015445,12414.032250,191.734728
Salta,0 a 9,254,234836,0.163737,0.175439,108.160589,18.975586
Salta,10 a 14,37,128027,0.089266,0.085970,28.900154,2.484546
Salta,15 a 19,93,123568,0.086157,0.084670,75.262204,6.372451
Salta,20 a 24,137,122879,0.085676,0.082171,111.491793,9.161392
Salta,25 a 29,143,122358,0.085313,0.079272,116.870168,9.264532
Salta,30 a 34,164,107206,0.074748,0.076073,152.976513,11.637382
Salta,35 a 39,208,100554,0.070110,0.071475,206.854029,14.784892
Salta,40 a 44,213,97437,0.067937,0.065877,218.602789,14.400896
Salta,45 a 49,283,83906,0.058503,0.060379,337.282197,20.364762
Salta,50 a 54,325,69304,0.048322,0.053681,468.948401,25.173619
Salta,55 a 59,463,61442,0.042840,0.045484,753.556199,34.274750
Salta,60 a 64,631,52239,0.036423,0.037187,1207.909799,44.918542
Salta,65 a 69,845,45087,0.031436,0.029590,1874.154413,55.456229
Salta,70 a 74,1159,34802,0.024265,0.022092,3330.268375,73.572289
Salta,75 a 79,1222,23514,0.016395,0.015195,5196.903972,78.966956
Salta,80 y más,3357,27066,0.018872,0.015445,12403.014850,191.564564
San Juan,0 a 9,118,131907,0.160971,0.175439,89.456966,15.694241
San Juan,10 a 14,18,70523,0.086062,0.085970,25.523588,2.194263
San Juan,15 a 19,39,69988,0.085409,0.084670,55.723838,4.718137
San Juan,20 a 24,55,66111,0.080678,0.082171,83.193417,6.836086
San Juan,25 a 29,48,64106,0.078231,0.079272,74.875987,5.935569
San Juan,30 a 34,61,59542,0.072661,0.076073,102.448692,7.793579
San Juan,35 a 39,68,54817,0.066895,0.071475,124.049109,8.866410
San Juan,40 a 44,105,55795,0.068089,0.065877,188.188906,12.397321
San Juan,45 a 49,127,49643,0.060581,0.060379,255.826602,15.446554
San Juan,50 a 54,185,41010,0.050046,0.053681,451.109485,24.216008
San Juan,55 a 59,267,35654,0.043510,0.045484,748.864083,34.061334
San Juan,60 a 64,395,32348,0.039475,0.037187,1221.095586,45.408882
San Juan,65 a 69,609,29112,0.035526,0.029590,2091.920857,61.899938
San Juan,70 a 74,765,24418,0.029798,0.022092,3132.934720,69.212794
San Juan,75 a 79,895,17066,0.020826,0.015195,5244.345482,79.687830
San Juan,80 y más,2435,17405,0.021240,0.015445,13990.232690,216.079144
San Luis,0 a 9,63,75710,0.140062,0.175439,83.212257,14.598675
San Luis,10 a 14,13,44830,0.082934,0.085970,28.998439,2.492996
San Luis,15 a 19,28,46136,0.085350,0.084670,60.690134,5.138634
San Luis,20 a 24,39,43691,0.080827,0.082171,89.263235,7.334849
San Luis,25 a 29,39,43474,0.080426,0.079272,89.708791,7.111395
San Luis,30 a 34,37,40553,0.075022,0.076073,91.238626,6.940796
San Luis,35 a 39,45,37883,0.070083,0.071475,118.786791,8.490286
San Luis,40 a 44,78,40276,0.074510,0.065877,193.663720,12.757985
San Luis,45 a 49,95,33555,0.062076,0.060379,283.117270,17.094338
San Luis,50 a 54,136,28953,0.053562,0.053681,469.726799,25.215404
San Luis,55 a 59,191,25957,0.048020,0.045484,735.832338,33.468598
San Luis,60 a 64,248,22630,0.041865,0.037187,1095.890411,40.752877
San Luis,65 a 69,403,19306,0.035716,0.029590,2087.433958,61.767171
San Luis,70 a 74,487,15370,0.028434,0.022092,3168.510085,69.998725
San Luis,75 a 79,548,10992,0.020335,0.015195,4985.443959,75.753821
San Luis,80 y más,1532,11232,0.020779,0.015445,13639.601140,210.663640
Santa Cruz,0 a 9,55,51811,0.154348,0.175439,106.155064,18.623738
Santa Cruz,10 a 14,7,30110,0.089699,0.085970,23.248090,1.998638
Santa Cruz,15 a 19,16,27019,0.080491,0.084670,59.217588,5.013953
Santa Cruz,20 a 24,26,23727,0.070684,0.082171,109.579804,9.004282
Santa Cruz,25 a 29,28,27755,0.082684,0.079272,100.882724,7.997175
Santa Cruz,30 a 34,34,29374,0.087507,0.076073,115.748621,8.805345
Santa Cruz,35 a 39,40,28202,0.084015,0.071475,141.833912,10.137579
Santa Cruz,40 a 44,55,26753,0.079699,0.065877,205.584420,13.543285
Santa Cruz,45 a 49,61,21726,0.064723,0.060379,280.769585,16.952587
Santa Cruz,50 a 54,99,17415,0.051880,0.053681,568.475452,30.516331
Santa Cruz,55 a 59,131,14867,0.044290,0.045484,881.146163,40.078052
Santa Cruz,60 a 64,163,12082,0.035993,0.037187,1349.114385,50.169517
Santa Cruz,65 a 69,208,9619,0.028656,0.029590,2162.386943,63.985030
Santa Cruz,70 a 74,205,6332,0.018863,0.022092,3237.523689,71.523373
Santa Cruz,75 a 79,260,4266,0.012709,0.015195,6094.702297,92.609001
Santa Cruz,80 y más,574,4619,0.013760,0.015445,12426.932240,191.933968
Santa Fe,0 a 9,467,485241,0.137889,0.175439,96.240837,16.884396
Santa Fe,10 a 14,77,260705,0.074084,0.085970,29.535299,2.539150
Santa Fe,15 a 19,213,260137,0.073922,0.084670,81.879932,6.932774
Santa Fe,20 a 24,296,256472,0.072881,0.082171,115.412209,9.483537
Santa Fe,25 a 29,305,269157,0.076486,0.079272,113.316763,8.982846
Santa Fe,30 a 34,316,270780,0.076947,0.076073,116.699904,8.877712
Santa Fe,35 a 39,350,262873,0.074700,0.071475,133.144142,9.516478
Santa Fe,40 a 44,543,264254,0.075092,0.065877,205.484118,13.536677
Santa Fe,45 a 49,665,218517,0.062095,0.060379,304.324149,18.374788
Santa Fe,50 a 54,952,186399,0.052968,0.053681,510.732354,27.416623
Santa Fe,55 a 59,1354,175768,0.049947,0.045484,770.333622,35.037854
Santa Fe,60 a 64,2191,160310,0.045555,0.037187,1366.726967,50.824476
Santa Fe,65 a 69,3026,141592,0.040236,0.029590,2137.126391,63.237570
Santa Fe,70 a 74,4027,117705,0.033448,0.022092,3421.265027,75.582587
Santa Fe,75 a 79,4618,86251,0.024510,0.015195,5354.140822,81.356170
Santa Fe,80 y más,15443,102898,0.029240,0.015445,15008.066240,231.799583
Santiago del Estero,0 a 9,168,173939,0.164442,0.175439,96.585585,16.944878
Santiago del Estero,10 a 14,48,95096,0.089904,0.085970,50.475309,4.339362
Santiago del Estero,15 a 19,75,92386,0.087342,0.084670,81.181131,6.873606
Santiago del Estero,20 a 24,105,93756,0.088637,0.082171,111.992832,9.202563
Santiago del Estero,25 a 29,105,90217,0.085291,0.079272,116.386047,9.226155
Santiago del Estero,30 a 34,104,78998,0.074685,0.076073,131.648903,10.014927
Santiago del Estero,35 a 39,121,73162,0.069167,0.071475,165.386403,11.820993
Santiago del Estero,40 a 44,179,73618,0.069599,0.065877,243.147056,16.017799
Santiago del Estero,45 a 49,203,60893,0.057568,0.060379,333.371652,20.128647
Santiago del Estero,50 a 54,290,48850,0.046183,0.053681,593.654043,31.867943
Santiago del Estero,55 a 59,373,42803,0.040466,0.045484,871.434245,39.636315
Santiago del Estero,60 a 64,514,38517,0.036414,0.037187,1334.475686,49.625147
Santiago del Estero,65 a 69,701,33497,0.031668,0.029590,2092.724722,61.923725
Santiago del Estero,70 a 74,840,25502,0.024110,0.022092,3293.859305,72.767940
Santiago del Estero,75 a 79,905,17090,0.016157,0.015195,5295.494441,80.465038
Santiago del Estero,80 y más,2431,19428,0.018367,0.015445,12512.868030,193.261247
Tierra del Fuego,0 a 9,14,27234,0.147244,0.175439,51.406330,9.018675
Tierra del Fuego,10 a 14,2,15315,0.082803,0.085970,13.059092,1.122690
Tierra del Fuego,15 a 19,11,14037,0.075893,0.084670,78.364323,6.635107
Tierra del Fuego,20 a 24,10,13026,0.070427,0.082171,76.769538,6.308230
Tierra del Fuego,25 a 29,1,16097,0.087031,0.079272,6.212338,0.492464
Tierra del Fuego,30 a 34,17,17806,0.096271,0.076073,95.473436,7.262951
Tierra del Fuego,35 a 39,11,16070,0.086885,0.071475,68.450529,4.892502
Tierra del Fuego,40 a 44,24,14805,0.080045,0.065877,162.107396,10.679149
Tierra del Fuego,45 a 49,15,11649,0.062982,0.060379,128.766418,7.774788
Tierra del Fuego,50 a 54,44,9441,0.051044,0.053681,466.052325,25.018155
Tierra del Fuego,55 a 59,46,9228,0.049892,0.045484,498.482878,22.672995
Tierra del Fuego,60 a 64,87,7977,0.043129,0.037187,1090.635577,40.557465
Tierra del Fuego,65 a 69,90,5288,0.028590,0.029590,1701.966717,50.361195
Tierra del Fuego,70 a 74,86,3254,0.017593,0.022092,2642.901045,58.386970
Tierra del Fuego,75 a 79,91,1823,0.009856,0.015195,4991.771805,75.849973
Tierra del Fuego,80 y más,209,1908,0.010316,0.015445,10953.878410,169.182652
Tucumán,0 a 9,299,260385,0.150744,0.175439,114.829963,20.145654
Tucumán,10 a 14,40,141385,0.081851,0.085970,28.291544,2.432224
Tucumán,15 a 19,97,142421,0.082451,0.084670,68.107934,5.766699
Tucumán,20 a 24,155,148749,0.086115,0.082171,104.202381,8.562414
Tucumán,25 a 29,179,144422,0.083610,0.079272,123.942336,9.825157
Tucumán,30 a 34,158,129259,0.074831,0.076073,122.235202,9.298799
Tucumán,35 a 39,199,118848,0.068804,0.071475,167.440765,11.967829
Tucumán,40 a 44,286,127665,0.073909,0.065877,224.023812,14.758017
Tucumán,45 a 49,299,101620,0.058830,0.060379,294.233419,17.765520
Tucumán,50 a 54,383,83845,0.048540,0.053681,456.795277,24.521227
Tucumán,55 a 59,648,76292,0.044167,0.045484,849.368217,38.632664
Tucumán,60 a 64,926,70951,0.041075,0.037187,1305.126073,48.533723
Tucumán,65 a 69,1485,65519,0.037931,0.029590,2266.518109,67.066271
Tucumán,70 a 74,1823,49536,0.028678,0.022092,3680.151809,81.301914
Tucumán,75 a 79,1842,30653,0.017746,0.015195,6009.199752,91.309790
Tucumán,80 y más,4823,35787,0.020718,0.015445,13476.960910,208.151661
