estandar_1,estandar_2,poblacion_a,poblacion_b,tasa_a_1,tasa_b_1,tasa_a_2,tasa_b_2,distancia_1,distancia_2,se_pisan_con_1,se_pisan_con_2,se_pisan_con_los_dos
argentina,europea,Catamarca,Corrientes,869.459590,873.662452,1419.431245,1408.816191,4.202862,10.615054,Sí,Sí,Sí
argentina,europea,Córdoba,Entre Ríos,896.260502,903.020209,1480.645849,1477.320063,6.759707,3.325785,Sí,Sí,Sí
argentina,europea,Córdoba,Tucumán,896.260502,909.903041,1480.645849,1475.366238,13.642539,5.279611,Sí,Sí,Sí
argentina,europea,Entre Ríos,Tucumán,903.020209,909.903041,1477.320063,1475.366238,6.882832,1.953825,Sí,Sí,Sí
argentina,europea,San Juan,Santa Cruz,854.064589,867.633795,1404.276844,1403.763276,13.569206,0.513568,Sí,Sí,Sí
argentina,europea,San Juan,Santiago del Estero,854.064589,864.208393,1404.276844,1387.099414,10.143804,17.177430,Sí,Sí,Sí
argentina,oms,Buenos Aires,Corrientes,875.807550,873.662452,630.375807,638.787672,2.145098,8.411865,Sí,Sí,Sí
argentina,oms,Buenos Aires,Santa Cruz,875.807550,867.633795,630.375807,632.891855,8.173755,2.516048,Sí,Sí,Sí
argentina,oms,Buenos Aires,Santiago del Estero,875.807550,864.208393,630.375807,634.116285,11.599157,3.740478,Sí,Sí,Sí
argentina,oms,Catamarca,Santa Cruz,869.459590,867.633795,625.372725,632.891855,1.825795,7.519129,Sí,Sí,Sí
argentina,oms,Catamarca,Santiago del Estero,869.459590,864.208393,625.372725,634.116285,5.251197,8.743560,Sí,Sí,Sí
argentina,oms,Corrientes,Córdoba,873.662452,896.260502,638.787672,637.167712,22.598050,1.619960,Sí,Sí,Sí
argentina,oms,Jujuy,Mendoza,792.780883,797.047308,578.377484,567.414701,4.266425,10.962783,Sí,Sí,Sí
argentina,oms,Salta,San Juan,836.610183,854.064589,611.373388,610.448090,17.454406,0.925298,Sí,Sí,Sí
argentina,oms,Salta,San Luis,836.610183,837.175687,611.373388,599.580189,0.565504,11.793199,Sí,Sí,Sí
argentina,oms,Santa Cruz,Santiago del Estero,867.633795,864.208393,632.891855,634.116285,3.425402,1.224430,Sí,Sí,Sí
europea,oms,Buenos Aires,Corrientes,1431.154188,1408.816191,630.375807,638.787672,22.337997,8.411865,Sí,Sí,Sí
europea,oms,Buenos Aires,Santa Cruz,1431.154188,1403.763276,630.375807,632.891855,27.390912,2.516048,Sí,Sí,Sí
europea,oms,Buenos Aires,Santiago del Estero,1431.154188,1387.099414,630.375807,634.116285,44.054774,3.740478,No,Sí,No
europea,oms,Catamarca,Corrientes,1419.431245,1408.816191,625.372725,638.787672,10.615054,13.414947,Sí,Sí,Sí
europea,oms,Catamarca,Santa Cruz,1419.431245,1403.763276,625.372725,632.891855,15.667970,7.519129,Sí,Sí,Sí
europea,oms,Catamarca,Santiago del Estero,1419.431245,1387.099414,625.372725,634.116285,32.331831,8.743560,Sí,Sí,Sí
europea,oms,Corrientes,Córdoba,1408.816191,1480.645849,638.787672,637.167712,71.829658,1.619960,No,Sí,No
europea,oms,Córdoba,Entre Ríos,1480.645849,1477.320063,637.167712,649.224969,3.325785,12.057257,Sí,Sí,Sí
europea,oms,Córdoba,Tucumán,1480.645849,1475.366238,637.167712,660.039561,5.279611,22.871850,Sí,No,No
europea,oms,Entre Ríos,Tucumán,1477.320063,1475.366238,649.224969,660.039561,1.953825,10.814592,Sí,Sí,Sí
europea,oms,Jujuy,Mendoza,1276.585897,1314.315306,578.377484,567.414701,37.729409,10.962783,Sí,Sí,Sí
europea,oms,Salta,San Juan,1346.023655,1404.276844,611.373388,610.448090,58.253188,0.925298,Sí,Sí,Sí
europea,oms,Salta,San Luis,1346.023655,1373.124325,611.373388,599.580189,27.100670,11.793199,Sí,Sí,Sí
europea,oms,San Juan,Santa Cruz,1404.276844,1403.763276,610.448090,632.891855,0.513568,22.443765,Sí,Sí,Sí
europea,oms,San Juan,Santiago del Estero,1404.276844,1387.099414,610.448090,634.116285,17.177430,23.668195,Sí,Sí,Sí
europea,oms,Santa Cruz,Santiago del Estero,1403.763276,1387.099414,632.891855,634.116285,16.663862,1.224430,Sí,Sí,Sí
