poblacion,casos,expuestos,proporcion_en_el_grupo_mayor,cruda,cruda_inferior,cruda_superior,estandarizada,estandarizada_inferior,estandarizada_superior,cambio_relativo,casos_con_la_estructura_estandar,rango_crudo,rango_estandarizado,cambio_de_rango
Chaco,9895,1124603,0.016906,879.866051,862.614111,897.376227,844.063139,827.482100,860.906712,-0.040691,9492.359378,6,1,5
Misiones,9455,1273347,0.015385,742.531297,727.638911,757.651774,752.067415,736.968822,767.408294,0.012843,9576.427864,14,2,12
Formosa,4702,605507,0.017612,776.539330,754.500394,799.058618,723.009180,702.432409,744.064060,-0.068934,4377.871197,10,3,7
La Rioja,2771,382453,0.017304,724.533472,697.805305,752.023268,673.952725,649.032934,699.667385,-0.069811,2577.552414,17,4,13
Santa Fe,34843,3519059,0.029240,990.122644,979.753272,1000.574410,660.383220,653.235927,667.605370,-0.333029,23239.275150,2,5,-3
Tucumán,13642,1727337,0.020718,789.770612,776.572657,803.136611,660.039561,648.908340,671.332290,-0.164264,11401.107560,9,6,3
Entre Ríos,12803,1415097,0.026070,904.743632,889.138912,920.553495,649.224969,637.781477,660.856008,-0.282421,9187.163060,4,7,-3
Corrientes,8983,1209671,0.020189,742.598607,727.320581,758.116751,638.787672,625.549507,652.256214,-0.139794,7727.229220,13,8,5
Córdoba,35810,3812064,0.027881,939.386117,929.681497,949.166798,637.167712,630.402086,644.003091,-0.321719,24289.240960,3,9,-6
Santiago del Estero,7162,1057752,0.018367,677.096333,661.504792,692.962594,634.116285,619.443487,649.069909,-0.063477,6707.377684,19,10,9
Santa Cruz,1962,335677,0.013760,584.490448,558.910928,610.938766,632.891855,605.093447,661.670668,0.082810,2124.472391,23,11,12
Buenos Aires,157331,17408906,0.027566,903.738581,899.278383,908.215418,630.375807,627.183143,633.583741,-0.302480,109741.531700,5,12,-7
Catamarca,3182,427625,0.020787,744.109909,718.477671,770.423033,625.372725,603.670812,647.747810,-0.159569,2674.250116,12,13,-1
Salta,9534,1434225,0.018872,664.749255,651.471959,678.229052,611.373388,599.104365,623.843435,-0.080295,8768.469967,21,14,7
San Juan,6190,819445,0.021240,755.389318,736.687162,774.446195,610.448090,595.165650,626.056781,-0.191876,5002.286351,11,15,-4
San Luis,3982,540548,0.020779,736.659834,713.955112,759.902862,599.580189,580.951623,618.735875,-0.186083,3241.018719,15,16,-1
Chubut,4123,589454,0.020877,699.460857,678.271649,721.143663,585.525400,567.653317,603.884646,-0.162890,3451.402894,18,17,1
Jujuy,5452,809364,0.020390,673.615333,655.852041,691.737863,578.377484,563.016457,594.091220,-0.141383,4681.179138,20,18,2
Mendoza,16465,2030773,0.026367,810.775010,798.437527,823.255392,567.414701,558.566727,576.390127,-0.300158,11522.904550,8,19,-11
Río Negro,5457,747697,0.023142,729.841099,710.603890,749.467174,564.026670,548.964798,579.460454,-0.227193,4217.210490,16,20,-4
La Pampa,2935,359193,0.028269,817.109465,787.812680,847.217053,542.806224,522.795700,563.553112,-0.335700,1949.721959,7,21,-14
Neuquén,4185,708578,0.017452,590.619522,572.859535,608.790110,534.384132,518.282112,550.906673,-0.095214,3786.528392,22,22,0
Ciudad de Buenos Aires,33318,3095454,0.048007,1076.352613,1064.825760,1087.973140,496.351163,490.466941,502.331857,-0.538858,15364.321920,1,23,-22
Tierra del Fuego,758,184958,0.010316,409.822771,381.163276,440.066254,496.215960,460.676786,533.927472,0.210806,917.791116,24,24,0
