jurisdiccion,Hasta 6 años,De 7 a 11,12 años,De 13 a 16,17 y más
Buenos Aires,676042,3763607,2828613,1975998,999041
Catamarca,19573,80503,66348,57339,20972
Chaco,90554,208916,136116,122006,46067
Chubut,24658,126042,90808,69724,33279
Ciudad de Buenos Aires,43558,363491,484053,599315,632160
Corrientes,88027,232085,158997,122453,50862
Córdoba,157897,792218,526902,494061,308743
Entre Ríos,80193,312270,199503,158668,76827
Formosa,42316,123908,78292,56562,21686
Jujuy,41859,149153,123411,111077,30693
La Pampa,18516,87703,49884,36094,24619
La Rioja,15054,69976,60247,52363,20313
Mendoza,107318,438970,240337,247609,139294
Misiones,120014,243542,137119,112848,48425
Neuquén,30995,149471,101055,89184,47489
Río Negro,38525,164167,99768,92430,49570
Salta,77114,262381,199600,170444,60189
San Juan,36309,180846,102164,86497,46740
San Luis,26244,101759,85525,60915,33626
Santa Cruz,12723,69695,51664,37086,17886
Santa Fe,156765,774977,530195,447290,222571
Santiago del Estero,89917,232997,110868,94904,27757
Tierra del Fuego,4056,29951,34019,26652,12571
Tucumán,89994,371606,217698,198462,88967
