jurisdiccion,poblacion,nbi,hacinamiento,sin_saneamiento,escolaridad,tamano_del_hogar,mayores,desocupacion
Buenos Aires,17408906,6.349530,2.562897,0.568235,11.079554,2.876768,12.137948,9.194483
Catamarca,427625,6.882570,2.760575,1.733591,11.124302,3.164007,10.060216,7.644694
Chaco,1124603,11.219081,3.517345,2.020364,10.331722,3.003050,8.803907,6.559932
Chubut,589454,5.142690,2.290286,0.467813,11.116557,2.738373,9.979744,7.680484
Ciudad de Buenos Aires,3095454,4.752494,0.999904,0.177148,13.640330,2.200453,17.348150,7.470657
Corrientes,1209671,11.802052,4.276381,1.427482,10.404965,3.190658,10.033141,9.230930
Córdoba,3812064,4.452491,2.207930,0.624417,11.471981,2.685375,12.435835,8.079285
Entre Ríos,1415097,6.042424,2.290177,0.762993,10.717749,2.826463,11.928228,7.867861
Formosa,605507,11.663623,5.115890,1.797625,10.230010,3.054938,9.254889,6.686810
Jujuy,809364,10.877227,3.886352,1.763083,11.011002,3.294034,9.896412,7.923818
La Pampa,359193,2.635390,1.247413,0.202722,10.719020,2.537158,12.743010,6.016943
La Rioja,382453,8.045558,3.085794,0.896591,11.336963,3.029187,9.056799,7.064836
Mendoza,2030773,6.413067,2.998540,0.938232,11.036355,3.113804,12.309204,9.537906
Misiones,1273347,8.730533,2.458025,1.288801,9.910618,2.991416,8.265304,5.922609
Neuquén,708578,6.623644,2.783422,0.570361,11.255647,2.753031,9.326990,7.021873
Río Negro,747697,5.896356,2.564038,0.581856,11.040483,2.680542,11.028933,7.779420
Salta,1434225,14.238702,4.676768,2.415936,10.911822,3.427634,9.096829,7.904841
San Juan,819445,8.081945,3.550471,1.063563,10.864815,3.316329,10.739098,9.612269
San Luis,540548,6.516877,2.741055,0.991113,11.191275,2.913236,10.526355,9.818794
Santa Cruz,335677,5.972565,2.090356,0.302695,11.189554,2.814618,7.398779,7.852436
Santa Fe,3519059,4.976225,2.268086,0.542548,11.111683,2.699746,12.743350,7.983010
Santiago del Estero,1057752,9.548821,3.950257,2.491546,9.699310,3.336841,9.030189,8.130528
Tierra del Fuego,184958,13.371206,2.202850,0.542403,11.975879,2.794476,6.635561,10.950585
Tucumán,1727337,9.509002,3.187074,1.664550,10.747154,3.416802,10.507214,9.788866
