hogar,estrato,conglomerado,probabilidad,peso
81,Centro,5,0.050000,34.755853
84,Centro,5,0.050000,30.845290
86,Centro,5,0.050000,34.755853
95,Centro,5,0.050000,34.755853
98,Centro,5,0.050000,30.845290
100,Centro,5,0.050000,36.761615
241,Centro,13,0.050000,18.507174
242,Centro,13,0.050000,18.507174
246,Centro,13,0.050000,18.507174
250,Centro,13,0.050000,18.507174
252,Centro,13,0.050000,20.853512
254,Centro,13,0.050000,20.853512
255,Centro,13,0.050000,22.056969
258,Centro,13,0.050000,20.853512
259,Centro,13,0.050000,22.056969
260,Centro,13,0.050000,22.056969
723,Centro,37,0.050000,20.563527
724,Centro,37,0.050000,24.507744
725,Centro,37,0.050000,20.563527
730,Centro,37,0.050000,23.170569
732,Centro,37,0.050000,23.170569
734,Centro,37,0.050000,23.170569
737,Centro,37,0.050000,20.563527
739,Centro,37,0.050000,20.563527
740,Centro,37,0.050000,20.563527
802,Centro,41,0.050000,24.507744
805,Centro,41,0.050000,24.507744
808,Centro,41,0.050000,20.563527
809,Centro,41,0.050000,20.563527
813,Centro,41,0.050000,20.563527
815,Centro,41,0.050000,20.563527
816,Centro,41,0.050000,20.563527
817,Centro,41,0.050000,20.563527
818,Centro,41,0.050000,23.170569
842,Centro,43,0.050000,24.507744
845,Centro,43,0.050000,23.170569
847,Centro,43,0.050000,20.563527
849,Centro,43,0.050000,20.563527
851,Centro,43,0.050000,23.170569
852,Centro,43,0.050000,20.563527
853,Centro,43,0.050000,20.563527
858,Centro,43,0.050000,23.170569
860,Centro,43,0.050000,20.563527
963,Centro,49,0.050000,20.563527
964,Centro,49,0.050000,20.563527
967,Centro,49,0.050000,23.170569
968,Centro,49,0.050000,24.507744
969,Centro,49,0.050000,23.170569
973,Centro,49,0.050000,20.563527
975,Centro,49,0.050000,23.170569
976,Centro,49,0.050000,23.170569
977,Centro,49,0.050000,20.563527
1021,Centro,52,0.050000,23.170569
1023,Centro,52,0.050000,24.507744
1026,Centro,52,0.050000,23.170569
1027,Centro,52,0.050000,24.507744
1028,Centro,52,0.050000,23.170569
1032,Centro,52,0.050000,24.507744
1033,Centro,52,0.050000,20.563527
1037,Centro,52,0.050000,23.170569
1038,Centro,52,0.050000,20.563527
1201,Centro,61,0.050000,20.853512
1203,Centro,61,0.050000,18.507174
1204,Centro,61,0.050000,18.507174
1205,Centro,61,0.050000,20.853512
1206,Centro,61,0.050000,18.507174
1208,Centro,61,0.050000,20.853512
1216,Centro,61,0.050000,22.056969
1217,Centro,61,0.050000,20.853512
1219,Centro,61,0.050000,18.507174
1220,Centro,61,0.050000,20.853512
1662,Este,84,0.088889,14.871836
1664,Este,84,0.088889,16.757286
1667,Este,84,0.088889,17.724350
1668,Este,84,0.088889,16.757286
1673,Este,84,0.088889,14.871836
1675,Este,84,0.088889,16.757286
1680,Este,84,0.088889,17.724350
1721,Este,87,0.088889,13.033445
1723,Este,87,0.088889,13.785606
1724,Este,87,0.088889,13.785606
1726,Este,87,0.088889,13.033445
1731,Este,87,0.088889,13.785606
1735,Este,87,0.088889,13.785606
1737,Este,87,0.088889,11.566984
1739,Este,87,0.088889,11.566984
1740,Este,87,0.088889,11.566984
1783,Este,90,0.088889,13.012857
1785,Este,90,0.088889,13.012857
1790,Este,90,0.088889,15.508806
1791,Este,90,0.088889,13.012857
1793,Este,90,0.088889,13.012857
1796,Este,90,0.088889,13.012857
1799,Este,90,0.088889,14.662625
1800,Este,90,0.088889,14.662625
1942,Este,98,0.088889,11.566984
1943,Este,98,0.088889,13.785606
1944,Este,98,0.088889,13.785606
1946,Este,98,0.088889,11.566984
1952,Este,98,0.088889,11.566984
1954,Este,98,0.088889,13.033445
1958,Este,98,0.088889,11.566984
1959,Este,98,0.088889,13.033445
1960,Este,98,0.088889,11.566984
2021,Este,102,0.088889,11.730100
2022,Este,102,0.088889,12.407045
2024,Este,102,0.088889,10.410286
2025,Este,102,0.088889,12.407045
2026,Este,102,0.088889,11.730100
2030,Este,102,0.088889,12.407045
2032,Este,102,0.088889,12.407045
2033,Este,102,0.088889,10.410286
2036,Este,102,0.088889,11.730100
2039,Este,102,0.088889,10.410286
2343,Este,118,0.088889,11.566984
2345,Este,118,0.088889,11.566984
2348,Este,118,0.088889,13.033445
2349,Este,118,0.088889,13.785606
2352,Este,118,0.088889,11.566984
2353,Este,118,0.088889,13.033445
2355,Este,118,0.088889,11.566984
2356,Este,118,0.088889,13.033445
2357,Este,118,0.088889,13.033445
2381,Este,120,0.088889,13.033445
2382,Este,120,0.088889,13.785606
2383,Este,120,0.088889,11.566984
2389,Este,120,0.088889,11.566984
2390,Este,120,0.088889,13.785606
2391,Este,120,0.088889,11.566984
2392,Este,120,0.088889,11.566984
2395,Este,120,0.088889,11.566984
2396,Este,120,0.088889,13.785606
2482,Este,125,0.088889,12.407045
2483,Este,125,0.088889,10.410286
2485,Este,125,0.088889,11.730100
2486,Este,125,0.088889,11.730100
2490,Este,125,0.088889,11.730100
2492,Este,125,0.088889,10.410286
2493,Este,125,0.088889,11.730100
2494,Este,125,0.088889,11.730100
2495,Este,125,0.088889,12.407045
2498,Este,125,0.088889,11.730100
2501,Norte,126,0.133333,9.775084
2507,Norte,126,0.133333,8.675238
2508,Norte,126,0.133333,10.339204
2509,Norte,126,0.133333,8.675238
2511,Norte,126,0.133333,8.675238
2514,Norte,126,0.133333,10.339204
2515,Norte,126,0.133333,8.675238
2516,Norte,126,0.133333,9.775084
2527,Norte,127,0.133333,8.675238
2528,Norte,127,0.133333,8.675238
2530,Norte,127,0.133333,8.675238
2533,Norte,127,0.133333,8.675238
2534,Norte,127,0.133333,8.675238
2537,Norte,127,0.133333,10.339204
2538,Norte,127,0.133333,8.675238
2540,Norte,127,0.133333,8.675238
2561,Norte,129,0.133333,10.339204
2562,Norte,129,0.133333,9.775084
2565,Norte,129,0.133333,8.675238
2566,Norte,129,0.133333,10.339204
2568,Norte,129,0.133333,9.775084
2576,Norte,129,0.133333,9.775084
2577,Norte,129,0.133333,10.339204
2578,Norte,129,0.133333,9.775084
2581,Norte,130,0.133333,8.675238
2583,Norte,130,0.133333,8.675238
2587,Norte,130,0.133333,8.675238
2590,Norte,130,0.133333,9.775084
2592,Norte,130,0.133333,8.675238
2593,Norte,130,0.133333,9.775084
2597,Norte,130,0.133333,8.675238
2600,Norte,130,0.133333,8.675238
2603,Norte,131,0.133333,8.675238
2604,Norte,131,0.133333,8.675238
2605,Norte,131,0.133333,8.675238
2607,Norte,131,0.133333,8.675238
2609,Norte,131,0.133333,10.339204
2614,Norte,131,0.133333,8.675238
2615,Norte,131,0.133333,10.339204
2616,Norte,131,0.133333,8.675238
2744,Norte,138,0.133333,9.914558
2748,Norte,138,0.133333,11.816234
2749,Norte,138,0.133333,11.171524
2751,Norte,138,0.133333,9.914558
2753,Norte,138,0.133333,9.914558
2757,Norte,138,0.133333,9.914558
2758,Norte,138,0.133333,9.914558
2762,Norte,139,0.133333,6.940190
2763,Norte,139,0.133333,8.271363
2764,Norte,139,0.133333,6.940190
2765,Norte,139,0.133333,6.940190
2768,Norte,139,0.133333,6.940190
2770,Norte,139,0.133333,7.820067
2772,Norte,139,0.133333,6.940190
2774,Norte,139,0.133333,7.820067
2778,Norte,139,0.133333,6.940190
2779,Norte,139,0.133333,6.940190
2921,Norte,147,0.133333,9.190404
2925,Norte,147,0.133333,7.711323
2927,Norte,147,0.133333,7.711323
2929,Norte,147,0.133333,7.711323
2930,Norte,147,0.133333,8.688963
2932,Norte,147,0.133333,8.688963
2933,Norte,147,0.133333,8.688963
2937,Norte,147,0.133333,7.711323
2940,Norte,147,0.133333,7.711323
3141,Sur,158,0.088889,13.785606
3142,Sur,158,0.088889,13.033445
3143,Sur,158,0.088889,11.566984
3145,Sur,158,0.088889,13.785606
3151,Sur,158,0.088889,11.566984
3152,Sur,158,0.088889,11.566984
3156,Sur,158,0.088889,11.566984
3157,Sur,158,0.088889,13.033445
3160,Sur,158,0.088889,11.566984
3261,Sur,164,0.088889,15.508806
3263,Sur,164,0.088889,13.012857
3267,Sur,164,0.088889,15.508806
3268,Sur,164,0.088889,13.012857
3269,Sur,164,0.088889,13.012857
3274,Sur,164,0.088889,15.508806
3275,Sur,164,0.088889,14.662625
3280,Sur,164,0.088889,14.662625
3522,Sur,177,0.088889,13.012857
3527,Sur,177,0.088889,15.508806
3530,Sur,177,0.088889,15.508806
3531,Sur,177,0.088889,13.012857
3532,Sur,177,0.088889,13.012857
3534,Sur,177,0.088889,15.508806
3539,Sur,177,0.088889,14.662625
3540,Sur,177,0.088889,15.508806
3601,Sur,181,0.088889,11.730100
3602,Sur,181,0.088889,10.410286
3604,Sur,181,0.088889,10.410286
3607,Sur,181,0.088889,10.410286
3608,Sur,181,0.088889,10.410286
3610,Sur,181,0.088889,12.407045
3613,Sur,181,0.088889,10.410286
3615,Sur,181,0.088889,10.410286
3619,Sur,181,0.088889,10.410286
3620,Sur,181,0.088889,10.410286
3681,Sur,185,0.088889,11.566984
3682,Sur,185,0.088889,11.566984
3684,Sur,185,0.088889,13.033445
3686,Sur,185,0.088889,13.033445
3687,Sur,185,0.088889,13.033445
3690,Sur,185,0.088889,13.785606
3692,Sur,185,0.088889,13.785606
3693,Sur,185,0.088889,13.033445
3700,Sur,185,0.088889,13.033445
3845,Sur,193,0.088889,13.785606
3847,Sur,193,0.088889,13.033445
3849,Sur,193,0.088889,13.033445
3850,Sur,193,0.088889,11.566984
3853,Sur,193,0.088889,13.033445
3855,Sur,193,0.088889,11.566984
3857,Sur,193,0.088889,13.785606
3858,Sur,193,0.088889,13.785606
3860,Sur,193,0.088889,11.566984
3922,Sur,197,0.088889,15.508806
3924,Sur,197,0.088889,13.012857
3929,Sur,197,0.088889,14.662625
3931,Sur,197,0.088889,14.662625
3933,Sur,197,0.088889,13.012857
3935,Sur,197,0.088889,13.012857
3937,Sur,197,0.088889,13.012857
3938,Sur,197,0.088889,14.662625
3984,Sur,200,0.088889,14.871836
3986,Sur,200,0.088889,14.871836
3988,Sur,200,0.088889,14.871836
3989,Sur,200,0.088889,17.724350
3990,Sur,200,0.088889,14.871836
3997,Sur,200,0.088889,16.757286
4000,Sur,200,0.088889,14.871836
